ORDER,ARTIST,ALBUM,YEAR,TRACKS,RUNTIME_MIN,AVG_TRACK_LENGTH,GENRE_1,GENRE_2,GENRE_3,GENRE_RAW,SCORE
1,TOOL,Undertow,1993,10,68,6.8,Alternative Metal,Progressive Metal,Grunge,"Alternative Metal, Progressive Metal, Grunge",70
2,TOOL,Fear Inoculum,2019,10,86,8.6,Progressive Metal,Progressive Rock,Alternative Rock,"Progressive Metal, Progressive Rock, Alternative Rock",73
3,Ethel Cain,Preacher's Daughter,2022,13,75,5.77,Alternative Pop,Dream Pop,Ethereal Wave,"Alternative Pop, Dream Pop, Ethereal Wave",78
4,FKA twigs,EUSEXUA,2025,11,42,3.82,Alternative Pop,Glitch Pop,Alternative R&B,"Alternative Pop, Glitch Pop, Alternative R&B",69
5,Team Sleep,Team Sleep,2005,15,53,3.53,Art Rock,Shoegaze,Neo-Psychedelia,"Art Rock, Shoegaze, Neo-Psychedelia",65
6,Slipknot,Slipknot,1999,15,60,4.0,Nu Metal,Alternative Metal,Industrial Metal,"Nu Metal, Alternative Metal, Industrial Metal",65
7,The Weeknd,Hurry Up Tomorrow,2025,22,84,3.82,Alternative R&B,Synthpop,Contemporary R&B,"Alternative R&B, Synthpop, Contemporary R&B",82
8,Lorde,Melodrama,2017,11,41,3.73,Art Pop,Alternative Pop,Singer-Songwriter,"Art Pop, Alternative Pop, Singer-Songwriter",78
9,Lorde,Pure Heroine,2013,10,37,3.7,Singer-Songwriter,Alternative Pop,Synthpop,"Singer-Songwriter, Alternative Pop, Synthpop",68
10,"Larry June, 2 Chainz, The Alchemist",Life is Beautiful,2025,11,36,3.27,Rap,Jazz-Rap,Traditional Hip-Hop,"Rap, Jazz-Rap, Traditional Hip-Hop",72
11,Imogen Heap,Speak for Yourself,2005,12,49,4.08,Art Pop,Contemporary Pop,Ethereal Wave,"Art Pop, Contemporary Pop, Ethereal Wave",80
12,070 Shake,Petrichor,2024,13,39,3.0,Art Pop,Darkwave,Neo-Psychedelia,"Art Pop, Darkwave, Neo-Psychedelia",78
13,Spiritbox,Eternal Blue,2021,12,43,3.58,Alternative Metal,Metalcore,Ethereal Wave,"Alternative Metal, Metalcore, Ethereal Wave",92
14,Paramore,Riot!,2007,11,38,3.45,Pop-Punk,Alternative Rock,Punk,"Pop-Punk, Alternative Rock, Punk",81
15,Crosses,"Goodnight, God Bless, I Love U, Delete.",2023,15,49,3.27,Darkwave,Synthpop,Electronica,"Darkwave, Synthpop, Electronica",68
16,Oklou,choke enough,2025,13,35,2.69,Bedroom Pop,Alternative Pop,Ambient,"Bedroom Pop, Alternative Pop, Ambient",70
17,Metallica,Master of Puppets,1986,8,54,6.75,Thrash Metal,Heavy Metal,Progressive Metal,"Thrash Metal, Heavy Metal, Progressive Metal",60
18,Gorillaz,Plastic Beach,2010,16,56,3.5,Art Pop,Electronica,Alternative Hip-Hop,"Art Pop, Electronica, Alternative Hip-Hop",70
19,Mk.gee,Two Star & The Dream Police,2024,12,33,2.75,Alternative R&B,Neo-Psychedelia,Soft Rock,"Alternative R&B, Neo-Psychedelia, Soft Rock",47
20,Ethel Cain,Perverts,2025,9,89,9.89,Ambient,Darkwave,Drone,"Ambient, Darkwave, Drone",78
21,Caroline Polachek,"Desire, I Want to Turn Into You",2023,12,45,3.75,Art Pop,Alternative Pop,Electropop,"Art Pop, Alternative Pop, Electropop",69
22,Lil Baby,WHAM,2025,15,41,2.73,Trap,Southern Hip-Hop,Pop-Rap,"Trap, Southern Hip-Hop, Pop-Rap",50
23,Mac Miller,Balloonerism,2025,14,58,4.14,Jazz-Rap,Alternative Hip-Hop,Neo-Soul,"Jazz-Rap, Alternative Hip-Hop, Neo-Soul",70
24,Logic,Aquarius III,2025,5,14,2.8,Boom Bap,Rap,Pop-Rap,"Boom Bap, Rap, Pop-Rap",57
25,Central Cee,CAN'T RUSH GREATNESS,2025,17,48,2.82,Drill,UK Hip-Hop,Pop-Rap,"Drill, UK Hip-Hop, Pop-Rap",45
26,"PARTYNEXTDOOR, Drake",$ome $exy $ongs 4 U,2025,21,73,3.48,Contemporary R&B,Pop-Rap,Contemporary Hip-Hop,"Contemporary R&B, Pop-Rap, Contemporary Hip-Hop",70
27,Nothing But Thieves,Broken Machine,2017,11,43,3.91,Alternative Rock,Indie Rock,Pop-Rock,"Alternative Rock, Indie Rock, Pop-Rock",70
28,Clairo,Immunity,2019,11,40,3.64,Alternative Pop,Indie Pop,Bedroom Pop,"Alternative Pop, Indie Pop, Bedroom Pop",77
29,Loathe,I Let It In and It Took Everything,2020,14,49,3.5,Metalcore,Alternative Metal,Post-Metal,"Metalcore, Alternative Metal, Post-Metal",82
30,Wallows,Model,2024,12,37,3.08,Indie Pop,Indie Rock,Pop-Rock,"Indie Pop, Indie Rock, Pop-Rock",67
31,Big Sean,Better Me Than You,2024,21,66,3.14,Pop-Rap,Contemporary Hip-Hop,Jazz-Rap,"Pop-Rap, Contemporary Hip-Hop, Jazz-Rap",55
32,The Strokes,Is This It,2001,11,35,3.18,Alternative Rock,Post-Punk Revival,Indie Rock,"Alternative Rock, Post-Punk Revival, Indie Rock",78
33,beabadoobee,Beatopia,2022,14,45,3.21,Indie Pop,Indie Rock,Bedroom Pop,"Indie Pop, Indie Rock, Bedroom Pop",68
34,Kiana Lede,Cut Ties,2024,11,29,2.64,Contemporary R&B,R&B,Contemporary Pop,"Contemporary R&B, R&B, Contemporary Pop",63
35,Kali Uchis,ORQUIDEAS,2024,14,44,3.14,Contemporary R&B,Latin Pop,Dance-Pop,"Contemporary R&B, Latin Pop, Dance-Pop",78
36,Slowdive,Souvlaki,1993,10,40,4.0,Shoegaze,Dream Pop,Neo-Psychedelia,"Shoegaze, Dream Pop, Neo-Psychedelia",74
37,Tate McRae,So Close To What,2025,15,42,2.8,Contemporary Pop,Dance-Pop,Electropop,"Contemporary Pop, Dance-Pop, Electropop",60
38,A Perfect Circle,Thirteenth Step,2003,12,50,4.17,Alternative Rock,Art Rock,Progressive Rock,"Alternative Rock, Art Rock, Progressive Rock",82
39,Evanescence,The Open Door,2006,13,54,4.15,Alternative Metal,Goth Metal,Symphonic Rock,"Alternative Metal, Goth Metal, Symphonic Rock",74
40,A Perfect Circle,Mer De Noms,2003,12,44,3.67,Alternative Rock,Alternative Metal,Progressive Rock,"Alternative Rock, Alternative Metal, Progressive Rock",66
41,Alice in Chains,Jar of Flies,1994,7,30,4.29,Alternative Rock,Grunge,Folk-Rock,"Alternative Rock, Grunge, Folk-Rock",76
42,Audioslave,Audioslave,2002,14,65,4.64,Grunge,Country-Rock,Alternative Rock,"Grunge, Country-Rock, Alternative Rock",30
43,System of a Down,Mesmerize,2005,11,36,3.27,Alternative Metal,Avant-Garde Metal,Thrash Metal,"Alternative Metal, Avant-Garde Metal, Thrash Metal",75
44,System of a Down,Hypnotize,2005,12,39,3.25,Alternative Metal,Avant-Garde Metal,Thrash Metal,"Alternative Metal, Avant-Garde Metal, Thrash Metal",77
45,LISA,Alter Ego,2025,15,42,2.8,Pop,Pop-Rap,Dance-Pop,"Pop, Pop-Rap, Dance-Pop",62
46,Radiohead,Kid A,2000,11,47,4.27,Art Rock,Electronica,Ambient,"Art Rock, Electronica, Ambient",72
47,System of a Down,Steal This Album!,2002,16,43,2.69,Alternative Metal,Nu Metal,Avant-Garde Metal,"Alternative Metal, Nu Metal, Avant-Garde Metal",62
48,Palms,Palms,2013,6,46,7.67,Post-Rock,Art Rock,Dream Pop,"Post-Rock, Art Rock, Dream Pop",79
49,The Strokes,The New Abnormal,2020,9,45,5.0,Indie Rock,New Wave,Post-Punk Revival,"Indie Rock, New Wave, Post-Punk Revival",78
50,Spiritbox,Tsunami Sea,2025,11,43,3.91,Alternative Metal,Metalcore,Djent,"Alternative Metal, Metalcore, Djent",89
51,Lady Gaga,MAYHEM,2025,14,53,3.79,Dance-Pop,Electronica,Synthpop,"Dance-Pop, Electronica, Synthpop",48
52,Portishead,Dummy,1994,10,45,4.5,Trip-Hop,Trance,Jazz,"Trip-Hop, Trance, Jazz",72
53,Jeff Buckley,Grace,1994,10,51,5.1,Alternative Rock,Singer-Songwriter,Folk-Rock,"Alternative Rock, Singer-Songwriter, Folk-Rock",72
54,Playboi Carti,MUSIC,2025,30,76,2.53,Rage,Southern Hip-Hop,Trap,"Rage, Southern Hip-Hop, Trap",77
55,PRhyme,PRhyme 2,2018,17,52,3.06,Boom Bap,East Coast Hip-Hop,Hip-Hop,"Boom Bap, East Coast Hip-Hop, Hip-Hop",74
56,Metallica,Metallica,1991,12,62,5.17,Heavy Metal,Thrash Metal,Hard Rock,"Heavy Metal, Thrash Metal, Hard Rock",70
57,Nirvana,Nevermind,1991,12,42,3.5,Grunge,Alternative Rock,Punk Rock,"Grunge, Alternative Rock, Punk Rock",77
58,Nirvana,In Utero,1993,12,41,3.42,Grunge,Noise Rock,Punk Rock,"Grunge, Noise Rock, Punk Rock",78
59,Sleep Token,Sundowning,2019,12,54,4.5,Alternative Pop,Alternative Metal,Art Pop,"Alternative Pop, Alternative Metal, Art Pop",52
60,Sleep Token,This Place Will Become Your Tomb,2021,12,52,4.33,Alternative Pop,Alternative Metal,Art Pop,"Alternative Pop, Alternative Metal, Art Pop",62
61,Sleep Token,Take Me Back to Eden,2023,12,63,5.25,Alternative Pop,Progressive Metal,Alternative Metal,"Alternative Pop, Progressive Metal, Alternative Metal",64
62,Catherine Wheel,Chrome,1993,12,53,4.42,Shoegaze,Noise Rock,Grunge,"Shoegaze, Noise Rock, Grunge",77
63,Alice in Chains,Dirt,1992,13,57,4.38,Grunge,Alternative Metal,Sludge Metal,"Grunge, Alternative Metal, Sludge Metal",80
64,Slipknot,Iowa,2001,14,66,4.71,Nu Metal,Alternative Metal,Hardcore Metal,"Nu Metal, Alternative Metal, Hardcore Metal",74
65,Kevin Gates,Islah,2016,15,55,3.67,Southern Hip-Hop,Trap,Pop-Rap,"Southern Hip-Hop, Trap, Pop-Rap",68
66,Whirr,Pipe Dreams,2012,10,36,3.6,Shoegaze,Dream Pop,Noise Rock,"Shoegaze, Dream Pop, Noise Rock",80
67,Nav,OMW2 REXDALE,2025,14,36,2.57,Contemporary Hip-Hop,Pop-Rap,Alternative R&B,"Contemporary Hip-Hop, Pop-Rap, Alternative R&B",35
68,Linkin Park,From Zero,2024,11,31,2.82,Alternative Rock,Nu Metal,Pop-Rock,"Alternative Rock, Nu Metal, Pop-Rock",68
69,Saba,CARE FOR ME,2018,10,41,4.1,Jazz-Rap,Conscious Hip-Hop,Contemporary Hip-Hop,"Jazz-Rap, Conscious Hip-Hop, Contemporary Hip-Hop",50
70,Jane Remover,Revengeseekerz,2025,12,49,4.08,Hyperpop,Electronica,Digicore,"Hyperpop, Electronica, Digicore",42
71,The Beatles,Abbey Road,1969,17,47,2.76,Pop-Rock,Art Pop,Blues,"Pop-Rock, Art Pop, Blues",45
72,Fleshwater,Sounds of Grieving,2023,7,23,3.29,Dream Pop,Trip-Hop,Alternative Rock,"Dream Pop, Trip-Hop, Alternative Rock",76
73,Pink Floyd,Wish You Were Here,1975,5,44,8.8,Art Rock,Progressive Rock,Psychedelic Rock,"Art Rock, Progressive Rock, Psychedelic Rock",80
74,Montell Fish,CHARLOTTE,2024,10,29,2.9,Alternative R&B,Neo-Psychedelia,Alternative Pop,"Alternative R&B, Neo-Psychedelia, Alternative Pop",71
75,Paramore,Paramore,2013,17,64,3.76,Pop-Punk,New Wave,Pop-Rock,"Pop-Punk, New Wave, Pop-Rock",76
76,TOOL,Opiate,1992,6,26,4.33,Alternative Metal,Progressive Metal,Grunge,"Alternative Metal, Progressive Metal, Grunge",60
77,"Saba, No I.D.",From the Private Collection of Saba and No I.D.,2025,15,41,2.73,Conscious Hip-Hop,Jazz-Rap,Neo-Soul,"Conscious Hip-Hop, Jazz-Rap, Neo-Soul",63
78,Bad Bunny,DeBI TiRAR MaS FOToS,2025,17,62,3.65,Reggaeton,Latin Pop,Dembow,"Reggaeton, Latin Pop, Dembow",72
79,Fiona Apple,When The Pawn...,1999,10,42,4.2,Piano Rock,Singer-Songwriter,Chamber Pop,"Piano Rock, Singer-Songwriter, Chamber Pop",60
80,Beach House,Teen Dream,2010,10,48,4.8,Dream Pop,Indie Pop,Neo-Psychedelia,"Dream Pop, Indie Pop, Neo-Psychedelia",75
81,Rainbow Kitten Surprise,"How To: Friend, Love, Freefall",2018,13,36,2.77,Indie Rock,Indie Pop,Alternative Pop,"Indie Rock, Indie Pop, Alternative Pop",65
82,Malcolm Todd,Sweet Boy,2024,16,45,2.81,Alternative Pop,Contemporary Pop,Alternative R&B,"Alternative Pop, Contemporary Pop, Alternative R&B",68
83,Queens of the Stone Age,Songs for the Deaf,2002,15,60,4.0,Alternative Rock,Hard Rock,Pop-Rock,"Alternative Rock, Hard Rock, Pop-Rock",71
84,Katy Perry,Teenage Dream,2010,12,46,3.83,Pop,Contemporary Pop,Electropop,"Pop, Contemporary Pop, Electropop",74
85,Malcolm Todd,Malcolm Todd,2025,14,37,2.64,Alternative Pop,Contemporary Pop,Alternative R&B,"Alternative Pop, Contemporary Pop, Alternative R&B",70
86,Artemas,pretty,2024,13,30,2.31,Alternative R&B,Alternative Pop,Darkwave,"Alternative R&B, Alternative Pop, Darkwave",72
87,Radiohead,The Bends,1995,12,48,4.0,Alternative Rock,Art Rock,Progressive Rock,"Alternative Rock, Art Rock, Progressive Rock",76
88,Foushee,time machine,2021,9,29,3.22,Alternative R&B,Neo-Soul,R&B,"Alternative R&B, Neo-Soul, R&B",76
89,Marina and the Diamonds,Electra Heart,2012,12,46,3.83,Electropop,Dance-Pop,Alternative Pop,"Electropop, Dance-Pop, Alternative Pop",84
90,Clairo,Sling,2021,12,44,3.67,Singer-Songwriter,Alternative Pop,Soft Rock,"Singer-Songwriter, Alternative Pop, Soft Rock",60
91,Mitski,The Land Is Inhospitable and So Are We,2023,11,32,2.91,Indie Folk,Singer-Songwriter,Chamber Pop,"Indie Folk, Singer-Songwriter, Chamber Pop",70
92,Foushee,softCORE,2022,12,27,2.25,Alternative R&B,Alternative Pop,Punk,"Alternative R&B, Alternative Pop, Punk",62
93,BANKS,Off With Her Head,2025,12,34,2.83,Contemporary R&B,Electropop,Dance-Pop,"Contemporary R&B, Electropop, Dance-Pop",75
94,Foushee,Pointy Heights,2024,10,27,2.7,Indie Rock,Indie Pop,Contemporary R&B,"Indie Rock, Indie Pop, Contemporary R&B",70
95,Conway the Machine,From King to a GOD,2020,14,49,3.5,Gangsta Rap,East Coast Hip-Hop,Boom Bap,"Gangsta Rap, East Coast Hip-Hop, Boom Bap",78
96,Paramore,All We Know Is Falling,2005,10,35,3.5,Pop-Punk,Alternative Rock,Punk,"Pop-Punk, Alternative Rock, Punk",73
97,Jalisa Rey,ILYSFM,2024,7,19,2.71,Contemporary R&B,Ethereal Wave,R&B,"Contemporary R&B, Ethereal Wave, R&B",74
98,Nine Vicious,TUMBLR MUSIC,2025,11,26,2.36,Rage,Southern Hip-Hop,Contemporary Hip-Hop,"Rage, Southern Hip-Hop, Contemporary Hip-Hop",28
99,PinkPantheress,Fancy That,2025,9,20,2.22,Contemporary R&B,Drum & Bass,Bedroom Pop,"Contemporary R&B, Drum & Bass, Bedroom Pop",78
100,Sleep Token,Even in Arcadia,2025,10,56,5.6,Alternative Pop,Alternative Metal,Art Pop,"Alternative Pop, Alternative Metal, Art Pop",62
101,Kali Uchis,"Sincerely,",2025,14,50,3.57,Dream Pop,Alternative R&B,Neo-Soul,"Dream Pop, Alternative R&B, Neo-Soul",78
102,Charli XCX,how i'm feeling now,2020,11,37,3.36,Glitch Pop,Hyperpop,Electropop,"Glitch Pop, Hyperpop, Electropop",62
103,NxWorries,Yes Lawd!,2016,19,48,2.53,Neo-Soul,Contemporary R&B,Alternative R&B,"Neo-Soul, Contemporary R&B, Alternative R&B",72
104,NxWorries,WHY LAWD?,2024,19,44,2.32,Neo-Soul,Contemporary R&B,Alternative Pop,"Neo-Soul, Contemporary R&B, Alternative Pop",71
105,Charli XCX,Number 1 Angel,2017,10,37,3.7,Alternative Pop,Dance-Pop,Electropop,"Alternative Pop, Dance-Pop, Electropop",78
106,"Flume, JPEGMAFIA",We Live In A Society,2025,4,16,4.0,Experimental Hip-Hop,Industrial Hip-Hop,Ambient,"Experimental Hip-Hop, Industrial Hip-Hop, Ambient",50
107,Halsey,hopeless fountain kingdom,2017,13,38,2.92,Contemporary Pop,Alternative R&B,Electropop,"Contemporary Pop, Alternative R&B, Electropop",77
108,Chappell Roan,The Rise and Fall of a Midwest Princess,2023,14,49,3.5,Contemporary Pop,Dance-Pop,Electropop,"Contemporary Pop, Dance-Pop, Electropop",70
109,Amy Winehouse,Back to Black,2006,11,34,3.09,Pop-Soul,R&B,Blues,"Pop-Soul, R&B, Blues",62
110,Juice WRLD,Fighting Demons,2021,18,55,3.06,Pop-Rap,Emo,Contemporary Hip-Hop,"Pop-Rap, Emo, Contemporary Hip-Hop",58
111,Juice WRLD,The Party Never Ends,2024,18,54,3.0,Pop-Rap,Emo,Contemporary Hip-Hop,"Pop-Rap, Emo, Contemporary Hip-Hop",36
112,Spiritbox,Spiritbox,2017,7,29,4.14,Progressive Metal,Alternative Metal,Djent,"Progressive Metal, Alternative Metal, Djent",78
113,Spiritbox,Rotoscope,2022,3,10,3.33,Alternative Metal,Hardcore,Industrial Metal,"Alternative Metal, Hardcore, Industrial Metal",78
114,Spiritbox,The Fear of Fear,2023,6,25,4.17,Alternative Metal,Metalcore,Ethereal Wave,"Alternative Metal, Metalcore, Ethereal Wave",80
115,"Snoop Dogg, Dr. Dre",Missionary,2024,16,46,2.88,West Coast Hip-Hop,Pop-Rap,Boom Bap,"West Coast Hip-Hop, Pop-Rap, Boom Bap",52
116,Taylor Swift,Speak Now,2010,14,67,4.79,Pop-Rock,Singer-Songwriter,Country,"Pop-Rock, Singer-Songwriter, Country",70
117,Weiland,You Can't Climb the Mountain in N.Y.,2025,4,12,3.0,Synthpop,New Wave,Electropop,"Synthpop, New Wave, Electropop",70
118,The Cure,Songs of a Lost World,2024,8,49,6.12,Post-Rock,Art Rock,Dream Pop,"Post-Rock, Art Rock, Dream Pop",77
119,Halsey,Manic,2020,16,47,2.94,Contemporary Pop,Alternative Pop,Electropop,"Contemporary Pop, Alternative Pop, Electropop",76
120,Miley Cyrus,Plastic Hearts,2020,12,38,3.17,Pop-Rock,Synthpop,New Wave,"Pop-Rock, Synthpop, New Wave",75
121,Miley Cyrus,Something Beautiful,2025,13,52,4.0,Pop-Rock,Dance-Pop,Neo-Psychedelia,"Pop-Rock, Dance-Pop, Neo-Psychedelia",71
122,Childish Gambino,Camp,2011,13,56,4.31,Pop-Rap,Alternative Hip-Hop,Contemporary R&B,"Pop-Rap, Alternative Hip-Hop, Contemporary R&B",22
123,Fiona Apple,Fetch the Bolt Cutters,2020,13,51,3.92,Art Pop,Singer-Songwriter,Piano Rock,"Art Pop, Singer-Songwriter, Piano Rock",50
124,Linkin Park,Minutes to Midnight,2007,12,43,3.58,Alternative Rock,Pop-Rock,Pop,"Alternative Rock, Pop-Rock, Pop",59
125,Leon Thomas III,MUTT,2024,14,47,3.36,Contemporary R&B,Neo-Soul,Pop-Rap,"Contemporary R&B, Neo-Soul, Pop-Rap",60
126,Lil Wayne,Tha Carter VI,2025,19,67,3.53,Southern Hip-Hop,Rap,Pop-Rap,"Southern Hip-Hop, Rap, Pop-Rap",64
127,Addison Rae,Addison,2025,12,33,2.75,Alternative Pop,New Wave,Electropop,"Alternative Pop, New Wave, Electropop",78
128,Marina and the Diamonds,PRINCESS OF POWER,2025,13,47,3.62,Dance-Pop,Electropop,Synthpop,"Dance-Pop, Electropop, Synthpop",63
129,McKinley Dixon,"Magic, Alive!",2025,11,35,3.18,Conscious Hip-Hop,Jazz-Rap,Neo-Soul,"Conscious Hip-Hop, Jazz-Rap, Neo-Soul",45
130,Little Simz,Lotus,2025,13,49,3.77,Conscious Hip-Hop,Rap,Jazz-Rap,"Conscious Hip-Hop, Rap, Jazz-Rap",75
131,Lil Tecca,DOPAMINE,2025,17,41,2.41,Pop-Rap,Hip-Hop,Contemporary Hip-Hop,"Pop-Rap, Hip-Hop, Contemporary Hip-Hop",72
132,Halsey,"If I Can't Have Love, I Want Power",2021,13,42,3.23,Art Pop,Alternative Rock,Singer-Songwriter,"Art Pop, Alternative Rock, Singer-Songwriter",82
133,Benny the Butcher,Excelsior,2025,7,20,2.86,Gangsta Rap,East Coast Hip-Hop,Boom Bap,"Gangsta Rap, East Coast Hip-Hop, Boom Bap",60
134,d4vd,WITHERED,2025,15,48,3.2,Neo-Soul,Contemporary R&B,Alternative R&B,"Neo-Soul, Contemporary R&B, Alternative R&B",77
135,"Ransom, Conway the Machine, V Don",Chaos Is My Ladder 2,2024,10,26,2.6,Gangsta Rap,East Coast Hip-Hop,Boom Bap,"Gangsta Rap, East Coast Hip-Hop, Boom Bap",68
136,Knocked Loose,You Won't Go Before You're Supposed To,2024,10,27,2.7,Metalcore,Contemporary Metal,Hard Rock,"Metalcore, Contemporary Metal, Hard Rock",60
137,Radiohead,Pablo Honey,1993,12,42,3.5,Alternative Rock,Grunge,Pop-Rock,"Alternative Rock, Grunge, Pop-Rock",66
138,Radiohead,Amnesiac,2001,11,43,3.91,Art Rock,Electronica,Post-Rock,"Art Rock, Electronica, Post-Rock",60
139,Radiohead,Hail To The Thief,2003,14,56,4.0,Art Rock,Experimental Rock,Pop-Rock,"Art Rock, Experimental Rock, Pop-Rock",40
140,Major Lazer,Peace is the Mission,2015,9,32,3.56,Electronica,Dance-Pop,Pop-Rap,"Electronica, Dance-Pop, Pop-Rap",65
141,Twenty One Pilots,Trench,2018,14,56,4.0,Alternative Rock,Alternative Pop,Indie Rock,"Alternative Rock, Alternative Pop, Indie Rock",70
142,Mannequin Pussy,Romantic,2016,11,17,1.55,Indie Rock,Noise Rock,Alternative Metal,"Indie Rock, Noise Rock, Alternative Metal",76
143,Benson Boone,American Heart,2025,10,30,3.0,Contemporary Pop,Pop,Dance-Pop,"Contemporary Pop, Pop, Dance-Pop",32
144,Lorde,Solar Power,2021,12,43,3.58,Folk-Pop,Singer-Songwriter,Indie Pop,"Folk-Pop, Singer-Songwriter, Indie Pop",50
145,Lorde,Virgin,2025,11,34,3.09,Alternative Pop,Singer-Songwriter,Electropop,"Alternative Pop, Singer-Songwriter, Electropop",70
146,ROLE MODEL,Kansas Anymore,2024,12,41,3.42,Country-Pop,Indie Pop,Singer-Songwriter,"Country-Pop, Indie Pop, Singer-Songwriter",29
147,Phoebe Bridgers,Punisher,2020,11,40,3.64,Indie Pop,Singer-Songwriter,Indie Rock,"Indie Pop, Singer-Songwriter, Indie Rock",78
148,Phoebe Bridgers,Stranger in the Alps,2017,11,44,4.0,Indie Folk,Singer-Songwriter,Indie Pop,"Indie Folk, Singer-Songwriter, Indie Pop",82
149,Paramore,Re: This Is Why,2023,12,47,3.92,Pop-Rock,Contemporary Pop,Post-Punk Revival,"Pop-Rock, Contemporary Pop, Post-Punk Revival",69
150,Clipse,Lord Willin',2002,15,60,4.0,Gangsta Rap,Southern Hip-Hop,Rap,"Gangsta Rap, Southern Hip-Hop, Rap",70
151,Mannequin Pussy,I Got Heaven,2024,10,30,3.0,Indie Rock,Punk Rock,Alternative Rock,"Indie Rock, Punk Rock, Alternative Rock",71
152,Taylor Swift,Red,2012,16,65,4.06,Pop-Rock,Country-Pop,Electropop,"Pop-Rock, Country-Pop, Electropop",67
153,Twenty One Pilots,Clancy,2024,13,47,3.62,Alternative Pop,Indie Rock,Pop-Rap,"Alternative Pop, Indie Rock, Pop-Rap",76
154,Crystal Castles,Crystal Castles,2008,16,52,3.25,Electronica,Synthpop,Ambient,"Electronica, Synthpop, Ambient",59
155,Mannequin Pussy,Patience,2019,10,25,2.5,Indie Rock,Punk Rock,Alternative Rock,"Indie Rock, Punk Rock, Alternative Rock",74
156,Crystal Castles,Crystal Castles (II),2010,14,52,3.71,Electropop,Synthpop,New Wave,"Electropop, Synthpop, New Wave",70
157,Justice,Cross,2007,12,48,4.0,Electronica,House,Dance-Pop,"Electronica, House, Dance-Pop",77
158,JID,GDLU (Preluxe),2025,4,16,4.0,Rap,Contemporary Hip-Hop,Southern Hip-Hop,"Rap, Contemporary Hip-Hop, Southern Hip-Hop",75
159,Justice,Hyperdrama,2024,13,49,3.77,Disco,House,Synthpop,"Disco, House, Synthpop",69
160,Parannoul,After the Magic,2023,10,59,5.9,Shoegaze,Indie Rock,Noise Pop,"Shoegaze, Indie Rock, Noise Pop",50
161,Paramore,After Laughter,2017,12,42,3.5,Pop-Rock,New Wave,Synthpop,"Pop-Rock, New Wave, Synthpop",70
162,Beyonce,Dangerously in Love,2003,15,61,4.07,R&B,Pop-Soul,Dance-Pop,"R&B, Pop-Soul, Dance-Pop",63
163,Oklou,Galore,2020,11,33,3.0,Bedroom Pop,Alternative Pop,Ambient,"Bedroom Pop, Alternative Pop, Ambient",70
164,Nas,God's Son,2002,14,56,4.0,East Coast Hip-Hop,Rap,Conscious Hip-Hop,"East Coast Hip-Hop, Rap, Conscious Hip-Hop",77
165,Nas,Street's Disciple,2004,25,87,3.48,East Coast Hip-Hop,Rap,Conscious Hip-Hop,"East Coast Hip-Hop, Rap, Conscious Hip-Hop",66
166,underscores,Wallsocket,2023,12,54,4.5,Electropop,Glitch Pop,Industrial,"Electropop, Glitch Pop, Industrial",68
167,Nas,Hip Hop is Dead,2006,16,60,3.75,Conscious Hip-Hop,East Coast Hip-Hop,Boom Bap,"Conscious Hip-Hop, East Coast Hip-Hop, Boom Bap",78
168,Tierra Whack,WORLD WIDE WHACK,2024,15,37,2.47,Alternative Hip-Hop,Pop-Rap,Alternative Pop,"Alternative Hip-Hop, Pop-Rap, Alternative Pop",29
169,Nas,Untitled,2008,15,54,3.6,Conscious Hip-Hop,East Coast Hip-Hop,Boom Bap,"Conscious Hip-Hop, East Coast Hip-Hop, Boom Bap",80
170,Deftones,B-Sides & Rarities,2005,14,64,4.57,Alternative Rock,Shoegaze,Post-Punk Revival,"Alternative Rock, Shoegaze, Post-Punk Revival",80
171,Clipse,Let God Sort Em Out,2025,13,40,3.08,Gangsta Rap,Southern Hip-Hop,Rap,"Gangsta Rap, Southern Hip-Hop, Rap",63
172,PlaqueBoyMax,Five Forever,2025,13,31,2.38,Trap,Rage,Hyperpop,"Trap, Rage, Hyperpop",32
173,Snow Strippers,April Mixtape 3,2023,16,45,2.81,Electronica,Darkwave,Synthpop,"Electronica, Darkwave, Synthpop",75
174,Radiohead,The King of Limbs,2011,8,37,4.62,Alternative Rock,Experimental Rock,Electronica,"Alternative Rock, Experimental Rock, Electronica",70
175,Radiohead,A Moon Shaped Pool,2016,11,52,4.73,Art Rock,Ambient Pop,Symphonic Rock,"Art Rock, Ambient Pop, Symphonic Rock",76
176,Travis Scott,JACKBOYS 2,2025,17,55,3.24,Southern Hip-Hop,Contemporary Hip-Hop,Trap,"Southern Hip-Hop, Contemporary Hip-Hop, Trap",65
177,J Dilla,Donuts,2006,31,43,1.39,Hip-Hop,Instrumental Hip-Hop,Boom Bap,"Hip-Hop, Instrumental Hip-Hop, Boom Bap",70
178,Thirty Seconds to Mars,A Beautiful Lie,2005,12,44,3.67,Alternative Rock,Emo,Punk,"Alternative Rock, Emo, Punk",68
179,Meshuggah,Chaosphere,1998,8,47,5.88,Djent,Progressive Metal,Industrial Metal,"Djent, Progressive Metal, Industrial Metal",55
180,Justin Bieber,SWAG,2025,21,54,2.57,Contemporary R&B,Contemporary Pop,R&B,"Contemporary R&B, Contemporary Pop, R&B",60
181,Wet Leg,moisturizer,2025,12,38,3.17,Indie Rock,Post-Punk Revival,Alternative Rock,"Indie Rock, Post-Punk Revival, Alternative Rock",72
182,Meshuggah,ObZen,2008,9,52,5.78,Djent,Progressive Metal,Groove Metal,"Djent, Progressive Metal, Groove Metal",80
183,Lizzo,MY FACE HURTS FROM SMILING,2025,13,34,2.62,Pop-Rap,Trap,Contemporary Hip-Hop,"Pop-Rap, Trap, Contemporary Hip-Hop",30
184,untiljapan,trompe l'oeil,2025,14,39,2.79,Contemporary Hip-Hop,Pop-Rap,Trap,"Contemporary Hip-Hop, Pop-Rap, Trap",75
185,Benny the Butcher,Summertime Butch 2,2025,12,32,2.67,East Coast Hip-Hop,Gangsta Rap,Boom Bap,"East Coast Hip-Hop, Gangsta Rap, Boom Bap",58
186,Bruiser Wolf,POTLUCK,2025,14,40,2.86,Abstract Hip-Hop,Boom Bap,Drumless Hip-Hop,"Abstract Hip-Hop, Boom Bap, Drumless Hip-Hop",6
187,Kate Bush,Never for Ever,1980,11,37,3.36,Baroque Pop,Art Pop,Art Rock,"Baroque Pop, Art Pop, Art Rock",70
188,Tyler the Creator,DON'T TAP THE GLASS,2025,10,28,2.8,Hip-Hop,Dance-Pop,Synthpop,"Hip-Hop, Dance-Pop, Synthpop",47
189,Joyner Lucas,ADHD 2,2025,18,57,3.17,Pop-Rap,Hip-Hop,Pop,"Pop-Rap, Hip-Hop, Pop",45
190,Dreamville,Revenge of the Dreamers III,2019,18,64,3.56,Contemporary Hip-Hop,Boom Bap,Contemporary R&B,"Contemporary Hip-Hop, Boom Bap, Contemporary R&B",72
191,LUCKI,Alternative Trap,2013,13,45,3.46,Alternative Hip-Hop,Trap,Cloud Rap,"Alternative Hip-Hop, Trap, Cloud Rap",72
192,"Freddie Gibbs, The Alchemist",Alfredo 2,2025,14,47,3.36,Jazz-Rap,Gangsta Rap,Hip-Hop,"Jazz-Rap, Gangsta Rap, Hip-Hop",77
193,Hanumankind,Monsoon Season,2025,12,39,3.25,Pop-Rap,Experimental Hip-Hop,Boom Bap,"Pop-Rap, Experimental Hip-Hop, Boom Bap",42
194,LUCKI,Days B4 III,2019,15,30,2.0,Cloud Rap,Trap,Plugg,"Cloud Rap, Trap, Plugg",75
195,Joni Mitchell,Blue,1971,10,36,3.6,Singer-Songwriter,Folk,Folk-Pop,"Singer-Songwriter, Folk, Folk-Pop",72
196,Kali Uchis,Isolation,2018,15,46,3.07,Neo-Soul,Contemporary R&B,R&B,"Neo-Soul, Contemporary R&B, R&B",78
197,Alicia Keys,The Diary of Alicia Keys,2003,15,57,3.8,R&B,Neo-Soul,Pop,"R&B, Neo-Soul, Pop",70
198,Nelly Furtado,Loose,2006,17,58,3.41,Dance-Pop,Contemporary Pop,Contemporary R&B,"Dance-Pop, Contemporary Pop, Contemporary R&B",74
199,Adele,21,2011,11,48,4.36,Pop-Soul,Contemporary Pop,Contemporary R&B,"Pop-Soul, Contemporary Pop, Contemporary R&B",74
200,Metro Boomin,Metro Boomin Presents: A Futuristic Summa,2025,24,78,3.25,Trap,Southern Hip-Hop,Pop-Rap,"Trap, Southern Hip-Hop, Pop-Rap",55
201,Renee Rapp,BITE ME,2025,12,33,2.75,Pop-Rock,Alternative Rock,Contemporary Pop,"Pop-Rock, Alternative Rock, Contemporary Pop",58
202,Aries,WELCOME HOME,2019,9,24,2.67,Emo Rap,Alternative R&B,Pop-Rap,"Emo Rap, Alternative R&B, Pop-Rap",68
203,YT,OI!,2025,12,27,2.25,UK Rap,Jerk,Pop-Rap,"UK Rap, Jerk, Pop-Rap",29
204,Wisp,If Not Winter,2025,12,38,3.17,Dream Pop,Shoegaze,Alternative Pop,"Dream Pop, Shoegaze, Alternative Pop",77
205,Bryson Tiller,Bryson Tiller,2024,19,48,2.53,Contemporary R&B,Trap,Pop-Rap,"Contemporary R&B, Trap, Pop-Rap",57
206,JID,God Does Like Ugly,2025,15,57,3.8,Rap,Southern Hip-Hop,Contemporary Hip-Hop,"Rap, Southern Hip-Hop, Contemporary Hip-Hop",63
207,Crosses,PERMANENT.RADIATION,2022,6,22,3.67,Electronica,Darkwave,Synthpop,"Electronica, Darkwave, Synthpop",56
208,Quadeca,"Vanisher, Horizon Scraper",2025,14,69,4.93,Art Pop,Singer-Songwriter,Folktronica,"Art Pop, Singer-Songwriter, Folktronica",52
209,Gunna,The Last Wun,2025,25,68,2.72,Contemporary Hip-Hop,Southern Hip-Hop,Contemporary R&B,"Contemporary Hip-Hop, Southern Hip-Hop, Contemporary R&B",25
210,Yeat,DANGEROUS SUMMER,2025,11,33,3.0,Pop-Rap,Rage,Trap,"Pop-Rap, Rage, Trap",75
211,Split Chain,motionblur,2025,11,35,3.18,Alternative Metal,Shoegaze,Post-Hardcore,"Alternative Metal, Shoegaze, Post-Hardcore",75
212,Alvvays,Blue Rev,2022,14,38,2.71,Dream Pop,Shoegaze,Alternative Rock,"Dream Pop, Shoegaze, Alternative Rock",70
213,Ethel Cain,"Willoughby Tucker, I'll Always Love You",2025,10,73,7.3,Alternative Pop,Ethereal Wave,Singer-Songwriter,"Alternative Pop, Ethereal Wave, Singer-Songwriter",77
214,Young Nudy,PARADISE,2025,14,45,3.21,Southern Hip-Hop,Trap,Pop-Rap,"Southern Hip-Hop, Trap, Pop-Rap",60
215,Deftones,private music,2025,11,42,3.82,Alternative Metal,Shoegaze,Post-Hardcore,"Alternative Metal, Shoegaze, Post-Hardcore",85
216,Earl Sweatshirt,Live Laugh Love,2025,11,24,2.18,Hip-Hop,Abstract Hip-Hop,Drumless Hip-Hop,"Hip-Hop, Abstract Hip-Hop, Drumless Hip-Hop",40
217,Arctic Monkeys,AM,2013,12,41,3.42,Pop-Rock,Alternative Rock,Indie Rock,"Pop-Rock, Alternative Rock, Indie Rock",71
218,sombr,I Barely Know Her,2025,10,37,3.7,Indie Pop,Pop-Rock,Alternative Pop,"Indie Pop, Pop-Rock, Alternative Pop",30
219,Lupe Fiasco,Samurai DX,2025,5,19,3.8,Hip-Hop,Boom Bap,Jazz-Rap,"Hip-Hop, Boom Bap, Jazz-Rap",80
220,Laufey,A Matter of Time,2025,14,45,3.21,Singer-Songwriter,Jazz-Pop,Art Pop,"Singer-Songwriter, Jazz-Pop, Art Pop",55
221,Lupe Fiasco,GHOTIING,2025,7,20,2.86,Hip-Hop,Boom Bap,Jazz-Rap,"Hip-Hop, Boom Bap, Jazz-Rap",77
222,EDEN,Dark,2025,13,40,3.08,Alternative R&B,Indie Pop,Electronica,"Alternative R&B, Indie Pop, Electronica",62
223,Bryson Tiller,THE VICES,2025,12,32,2.67,Pop-Rap,Contemporary R&B,Trap,"Pop-Rap, Contemporary R&B, Trap",50
224,Sabrina Carpenter,Man's Best Friend,2025,12,38,3.17,Singer-Songwriter,Contemporary Pop,Pop,"Singer-Songwriter, Contemporary Pop, Pop",50
225,Ava Max,Don't Click Play,2025,12,34,2.83,Dance-Pop,Synthpop,Electropop,"Dance-Pop, Synthpop, Electropop",63
226,Arctic Monkeys,"Whatever People Say I Am, That's What I'm Not",2006,13,41,3.15,Indie Rock,Post-Punk Revival,Alternative Rock,"Indie Rock, Post-Punk Revival, Alternative Rock",63
227,Fleshwater,2000: In Search of the Endless Sky,2025,10,37,3.7,Post-Hardcore,Shoegaze,Alternative Metal,"Post-Hardcore, Shoegaze, Alternative Metal",70
228,Slipknot,Vol. 3: (The Subliminal Verses),2004,14,60,4.29,Alternative Metal,Groove Metal,Alternative Rock,"Alternative Metal, Groove Metal, Alternative Rock",80
229,Blood Orange,Essex Honey,2025,14,46,3.29,Alternative R&B,Alternative Pop,Art Pop,"Alternative R&B, Alternative Pop, Art Pop",50
230,Honey Revenge,Retrovision,2023,12,36,3.0,Pop,Pop-Rock,Pop-Punk,"Pop, Pop-Rock, Pop-Punk",69
231,Cocteau Twins,Treasure,1984,10,41,4.1,Ethereal Wave,Dream Pop,Goth Rock,"Ethereal Wave, Dream Pop, Goth Rock",77
232,Adele,25,2015,11,48,4.36,Pop-Soul,Singer-Songwriter,Blues,"Pop-Soul, Singer-Songwriter, Blues",69
233,Candy Claws,Ceres & Calypso in the Deep Time,2013,12,44,3.67,Dream Pop,Neo-Psychedelia,Noise Pop,"Dream Pop, Neo-Psychedelia, Noise Pop",76
234,Bruno Mars,Doo-Wops & Hooligans,2010,10,35,3.5,Pop,Contemporary R&B,Reggae-Pop,"Pop, Contemporary R&B, Reggae-Pop",74
235,Bruno Mars,Unorthodox Jukebox,2012,10,34,3.4,Pop-Soul,Contemporary R&B,Funk,"Pop-Soul, Contemporary R&B, Funk",75
236,Bruno Mars,24K Magic,2016,9,33,3.67,R&B,Pop-Soul,Dance-Pop,"R&B, Pop-Soul, Dance-Pop",78
237,The Japanese House,Good At Falling,2019,13,44,3.38,Dream Pop,Singer-Songwriter,Indietronica,"Dream Pop, Singer-Songwriter, Indietronica",77
238,The Japanese House,In The End It Always Does,2023,12,45,3.75,Dream Pop,Singer-Songwriter,Indietronica,"Dream Pop, Singer-Songwriter, Indietronica",77
239,Hayley Williams,HW3,2025,17,56,3.29,Alternative Pop,Singer-Songwriter,Indie Rock,"Alternative Pop, Singer-Songwriter, Indie Rock",85
240,Maroon 5,Songs About Jane,2002,12,46,3.83,Pop-Rock,Alternative Rock,Pop,"Pop-Rock, Alternative Rock, Pop",50
241,Cardi B,AM I THE DRAMA?,2025,23,70,3.04,Pop-Rap,Hip-Hop,East Coast Hip-Hop,"Pop-Rap, Hip-Hop, East Coast Hip-Hop",62
242,Adele,30,2021,12,58,4.83,Pop-Soul,Singer-Songwriter,Blues,"Pop-Soul, Singer-Songwriter, Blues",73
243,Wolf Alice,Visions Of A Life,2017,12,46,3.83,Dream Pop,Shoegaze,Indie Rock,"Dream Pop, Shoegaze, Indie Rock",77
244,Magdalena Bay,Mercurial World,2021,14,46,3.29,Synthpop,Ethereal Wave,Dance-Pop,"Synthpop, Ethereal Wave, Dance-Pop",76
245,Cigarettes After Sex,Cigarettes After Sex,2017,10,47,4.7,Dream Pop,Indie Pop,Indie Rock,"Dream Pop, Indie Pop, Indie Rock",45
246,Maximum Love,Apollo,2024,11,37,3.36,Electronic,Trance,Alternative Pop,"Electronic, Trance, Alternative Pop",60
247,Flyleaf,Flyleaf,2005,11,33,3.0,Alternative Rock,Punk,Post-Grunge,"Alternative Rock, Punk, Post-Grunge",79
248,Doja Cat,Vie,2025,15,49,3.27,Dance-Pop,Disco,Pop-Rap,"Dance-Pop, Disco, Pop-Rap",70
249,Young Thug,UY SCUTI,2025,21,77,3.67,Trap,Southern Hip-Hop,Pop-Rap,"Trap, Southern Hip-Hop, Pop-Rap",48
250,Slipknot,All Hope Is Gone,2008,12,57,4.75,Alternative Metal,Groove Metal,Nu Metal,"Alternative Metal, Groove Metal, Nu Metal",73
251,Dijon,Absolutely,2021,12,31,2.58,Alternative R&B,Neo-Soul,R&B,"Alternative R&B, Neo-Soul, R&B",75
252,SZA,Z,2014,10,40,4.0,Alternative Pop,Contemporary R&B,Neo-Soul,"Alternative Pop, Contemporary R&B, Neo-Soul",76
253,Deftones,Covers,2011,11,47,4.27,Alternative Rock,Alternative Metal,Rock,"Alternative Rock, Alternative Metal, Rock",70
254,Pantera,Cowboys From Hell,1990,12,57,4.75,Thrash Metal,Groove Metal,Heavy Metal,"Thrash Metal, Groove Metal, Heavy Metal",73
255,Geese,Getting Killed,2025,11,45,4.09,Indie Rock,Art Rock,Alternative Rock,"Indie Rock, Art Rock, Alternative Rock",58
256,Pantera,Vulgar Display of Power,1992,11,52,4.73,Groove Metal,Thrash Metal,Heavy Metal,"Groove Metal, Thrash Metal, Heavy Metal",75
257,Bryson Tiller,S O L A C E,2025,12,26,2.17,Contemporary R&B,Alternative R&B,Trap,"Contemporary R&B, Alternative R&B, Trap",45
258,EsDeeKid,Rebel,2025,11,20,1.82,UK Rap,Jerk,Pop-Rap,"UK Rap, Jerk, Pop-Rap",55
259,Taylor Swift,The Life of a Showgirl,2025,12,41,3.42,Pop,Alternative Pop,Singer-Songwriter,"Pop, Alternative Pop, Singer-Songwriter",45
260,Taylor Swift,folklore,2020,16,63,3.94,Folk,Singer-Songwriter,Indie Folk,"Folk, Singer-Songwriter, Indie Folk",78
261,Taylor Swift,evermore,2020,15,60,4.0,Folk-Pop,Singer-Songwriter,Indie Pop,"Folk-Pop, Singer-Songwriter, Indie Pop",70
262,Beach House,Bloom,2012,10,60,6.0,Dream Pop,Indie Pop,Ethereal Wave,"Dream Pop, Indie Pop, Ethereal Wave",75
263,Architects,All Our Gods Have Abandoned Us,2016,11,46,4.18,Metalcore,Progressive Metal,Alternative Metal,"Metalcore, Progressive Metal, Alternative Metal",78
264,Benny the Butcher,The Plugs I Met,2019,7,24,3.43,Gangsta Rap,East Coast Hip-Hop,Boom Bap,"Gangsta Rap, East Coast Hip-Hop, Boom Bap",78
265,Wunderhorse,Cub,2022,11,37,3.36,Alternative Rock,Indie Rock,Post-Grunge,"Alternative Rock, Indie Rock, Post-Grunge",75
266,Porcupine Tree,In Absentia,2002,12,68,5.67,Progressive Rock,Art Rock,Alternative Rock,"Progressive Rock, Art Rock, Alternative Rock",76
267,PinkPantheress,Fancy Some More?,2025,22,72,3.27,Alternative Pop,Dance-Pop,EDM,"Alternative Pop, Dance-Pop, EDM",63
268,Wunderhorse,Midas,2024,10,40,4.0,Alternative Rock,Alternative Pop,Indie Rock,"Alternative Rock, Alternative Pop, Indie Rock",78
269,Not For Radio,Melt,2025,10,42,4.2,Alternative Pop,Dream Pop,Indie Pop,"Alternative Pop, Dream Pop, Indie Pop",78
270,Nourished By Time,The Passionate Ones,2025,12,45,3.75,Alternative R&B,Neo-Soul,Bedroom Pop,"Alternative R&B, Neo-Soul, Bedroom Pop",71
271,BIA,FOR CERTAIN,2020,8,21,2.62,Hip-Hop,Trap,East Coast Hip-Hop,"Hip-Hop, Trap, East Coast Hip-Hop",61
272,Kehlani,blue water road,2022,13,37,2.85,Contemporary R&B,Neo-Soul,Alternative R&B,"Contemporary R&B, Neo-Soul, Alternative R&B",78
273,Tame Impala,Currents,2015,13,51,3.92,Neo-Psychedelia,Psychedelic Pop,Alternative Pop,"Neo-Psychedelia, Psychedelic Pop, Alternative Pop",79
274,Sky Ferreira,"Night Time, My Time",2013,12,45,3.75,Alternative Pop,New Wave,Synthpop,"Alternative Pop, New Wave, Synthpop",80
275,Weyes Blood,Titanic Rising,2019,10,42,4.2,Art Pop,Baroque Pop,Singer-Songwriter,"Art Pop, Baroque Pop, Singer-Songwriter",77
276,Tame Impala,The Slow Rush,2020,12,57,4.75,Neo-Psychedelia,Synthpop,Alternative Pop,"Neo-Psychedelia, Synthpop, Alternative Pop",70
277,Night Tapes,portals//polarities,2025,13,49,3.77,Dream Pop,Alternative Pop,Trip-Hop,"Dream Pop, Alternative Pop, Trip-Hop",69
278,Suki Waterhouse,I Can't Let Go,2022,10,33,3.3,Alternative Pop,Singer-Songwriter,Contemporary Pop,"Alternative Pop, Singer-Songwriter, Contemporary Pop",77
279,Suki Waterhouse,Memoir of a Sparklemuffin,2024,18,53,2.94,Alternative Pop,Contemporary Pop,Indie Pop,"Alternative Pop, Contemporary Pop, Indie Pop",78
280,Big Boi,Sir Lucious Left Foot: The Son of Chico Dusty,2010,15,57,3.8,Southern Hip-Hop,Pop-Rap,R&B,"Southern Hip-Hop, Pop-Rap, R&B",66
281,Tame Impala,Deadbeat,2025,12,56,4.67,Dance-Pop,Electronic,Synthpop,"Dance-Pop, Electronic, Synthpop",45
282,Ovrkast,While The Iron Is Hot,2025,13,28,2.15,Rap,Contemporary Hip-Hop,Jazz-Rap,"Rap, Contemporary Hip-Hop, Jazz-Rap",77
283,Mariah the Scientist,HEARTS SOLD SEPARATELY,2025,10,35,3.5,Contemporary R&B,Neo-Soul,Alternative R&B,"Contemporary R&B, Neo-Soul, Alternative R&B",78
284,Tory Lanez,I Told You,2016,14,78,5.57,Pop-Rap,Contemporary R&B,Trap-Soul,"Pop-Rap, Contemporary R&B, Trap-Soul",54
285,Common,Be,2005,11,42,3.82,Hip-Hop,Rap,Neo-Soul,"Hip-Hop, Rap, Neo-Soul",70
286,Björk,Debut,1993,11,48,4.36,Art Pop,Singer-Songwriter,Folk-Pop,"Art Pop, Singer-Songwriter, Folk-Pop",72
287,BNYX,LOADING...,2025,6,18,3.0,Contemporary Hip-Hop,Trap,Alternative R&B,"Contemporary Hip-Hop, Trap, Alternative R&B",60
288,MASS OF THE FERMENTING DREGS,No New World,2018,8,26,3.25,Alternative Rock,Indie Rock,Post-Punk Revival,"Alternative Rock, Indie Rock, Post-Punk Revival",71
289,Björk,Post,1995,11,46,4.18,Art Pop,Singer-Songwriter,Trip-Hop,"Art Pop, Singer-Songwriter, Trip-Hop",73
290,Ex:Re,Ex:Re,2018,10,47,4.7,Singer-Songwriter,Alternative Pop,Ambient Pop,"Singer-Songwriter, Alternative Pop, Ambient Pop",79
291,Ty Dolla $ign,TYCOON,2025,15,41,2.73,Contemporary R&B,Pop-Rap,West Coast Hip-Hop,"Contemporary R&B, Pop-Rap, West Coast Hip-Hop",55
292,Armani White,There's A Ghost In My House,2025,11,30,2.73,Pop-Rap,Hip-Hop,Contemporary Hip-Hop,"Pop-Rap, Hip-Hop, Contemporary Hip-Hop",46
293,Saba,C0FFEE!,2025,9,16,1.78,Alternative Hip-Hop,Experimental Hip-Hop,Alternative R&B,"Alternative Hip-Hop, Experimental Hip-Hop, Alternative R&B",50
294,Hayley Williams,Petals For Armor,2020,15,55,3.67,Singer-Songwriter,Dance-Pop,Indie Pop,"Singer-Songwriter, Dance-Pop, Indie Pop",70
295,Hayley Williams,FLOWERS for VASES / descansos,2021,14,42,3.0,Singer-Songwriter,Indie Folk,Indie Pop,"Singer-Songwriter, Indie Folk, Indie Pop",79
296,Turnstile,NEVER ENOUGH,2025,14,45,3.21,Alternative Rock,Post-Hardcore,Dream Pop,"Alternative Rock, Post-Hardcore, Dream Pop",70
297,Ravyn Lenae,Bird's Eye,2024,11,36,3.27,Contemporary R&B,Neo-Soul,Alternative Pop,"Contemporary R&B, Neo-Soul, Alternative Pop",76
298,Ravyn Lenae,Hypnos,2022,16,53,3.31,Neo-Soul,Contemporary R&B,Dream Pop,"Neo-Soul, Contemporary R&B, Dream Pop",60
299,Daniel Caesar,Son of Spergy,2025,12,51,4.25,Contemporary R&B,Neo-Soul,Singer-Songwriter,"Contemporary R&B, Neo-Soul, Singer-Songwriter",70
300,Rosalía,LUX,2025,15,49,3.27,Art Pop,Classical,Singer-Songwriter,"Art Pop, Classical, Singer-Songwriter",66
301,Broadcast,The Noise Made By People,2000,12,45,3.75,Indietronica,Alternative Pop,Neo-Psychedelia,"Indietronica, Alternative Pop, Neo-Psychedelia",71
302,Saya Gray,SAYA,2025,10,39,3.9,Art Pop,Indietronica,Singer-Songwriter,"Art Pop, Indietronica, Singer-Songwriter",76
303,Depeche Mode,Violator,1990,9,46,5.11,Electronica,Darkwave,Synthpop,"Electronica, Darkwave, Synthpop",79
304,George Clanton,Slide,2018,10,39,3.9,Dream Pop,Vaporwave,Synthpop,"Dream Pop, Vaporwave, Synthpop",59
305,Offset,HAUNTED BY FAME,2025,11,34,3.09,Contemporary Hip-Hop,Trap,Pop-Rap,"Contemporary Hip-Hop, Trap, Pop-Rap",60
306,Girlfriends,Girlfriends,2009,11,27,2.45,Alternative Rock,Post-Punk Revival,Midwest Emo,"Alternative Rock, Post-Punk Revival, Midwest Emo",72
307,Alice in Chains,Facelift,1990,12,54,4.5,Grunge,Alternative Metal,Alternative Rock,"Grunge, Alternative Metal, Alternative Rock",74
308,Boris,Pink,2006,11,47,4.27,Noise Rock,Hardcore,Alternative Metal,"Noise Rock, Hardcore, Alternative Metal",78
309,MGMT,Little Dark Age,2018,10,44,4.4,New Wave,Neo-Psychedelia,Alternative Pop,"New Wave, Neo-Psychedelia, Alternative Pop",50
310,Danny Brown,Stardust,2025,14,49,3.5,Experimental Hip-Hop,Electronica,Glitch Pop,"Experimental Hip-Hop, Electronica, Glitch Pop",50
311,M83,"Dead Cities, Red Seas & Lost Ghosts",2003,12,56,4.67,Dream Pop,Post-Rock,Ambient,"Dream Pop, Post-Rock, Ambient",78
312,FKA twigs,EUSEXUA Afterglow,2025,11,40,3.64,Electronica,Glitch Pop,Art Pop,"Electronica, Glitch Pop, Art Pop",72
313,BIA,BIANCA,2025,16,40,2.5,Pop-Rap,Hip-Hop,Alternative R&B,"Pop-Rap, Hip-Hop, Alternative R&B",70
314,foxtails,III,2017,8,31,3.88,Midwest Emo,Post-Rock,Shoegaze,"Midwest Emo, Post-Rock, Shoegaze",79
315,Daft Punk,Discovery,2001,14,61,4.36,House,Electro-Disco,Disco,"House, Electro-Disco, Disco",73
316,Home Is Where,the whaler,2023,10,34,3.4,Midwest Emo,Post-Hardcore,Alternative Rock,"Midwest Emo, Post-Hardcore, Alternative Rock",71
317,Sam O,Strange Power,2025,13,54,4.15,Dance-Pop,Alternative Pop,Synthpop,"Dance-Pop, Alternative Pop, Synthpop",70
318,Periphery,Periphery II: This Time It's Personal,2012,14,69,4.93,Djent,Alternative Metal,Progressive Metal,"Djent, Alternative Metal, Progressive Metal",71
319,Periphery,Juggernaut: Alpha,2015,10,41,4.1,Progressive Metal,Djent,Progressive Metalcore,"Progressive Metal, Djent, Progressive Metalcore",77
320,Periphery,Juggernaut: Omega,2015,7,39,5.57,Progressive Metal,Djent,Progressive Metalcore,"Progressive Metal, Djent, Progressive Metalcore",78
321,Quasimoto,The Unseen,2000,24,63,2.62,Hip-Hop,Instrumental Hip-Hop,Boom Bap,"Hip-Hop, Instrumental Hip-Hop, Boom Bap",70
322,The Brave Little Abacus,just got back from the discomfort—we're alright,2010,12,44,3.67,Midwest Emo,Experimental Rock,Post-Hardcore,"Midwest Emo, Experimental Rock, Post-Hardcore",38
323,Sweet Trip,Velocity : Design : Comfort,2003,12,73,6.08,Glitch Pop,Shoegaze,Dream Pop,"Glitch Pop, Shoegaze, Dream Pop",67
324,MAVI,Let The Sun Talk,2019,13,32,2.46,Hip-Hop,Jazz-Rap,Abstract Hip-Hop,"Hip-Hop, Jazz-Rap, Abstract Hip-Hop",76
325,Flyleaf,Memento Mori,2009,15,48,3.2,Alternative Rock,Post-Grunge,Pop-Punk,"Alternative Rock, Post-Grunge, Pop-Punk",75
326,Twenty One Pilots,Breach,2025,13,47,3.62,Alternative Rock,Alternative Pop,Pop-Rock,"Alternative Rock, Alternative Pop, Pop-Rock",75
327,MAVI,"Laughing So Hard, It Hurts",2022,16,38,2.38,Hip-Hop,Jazz-Rap,Abstract Hip-Hop,"Hip-Hop, Jazz-Rap, Abstract Hip-Hop",77
328,MAVI,shadowbox,2024,14,33,2.36,Hip-Hop,Jazz-Rap,Abstract Hip-Hop,"Hip-Hop, Jazz-Rap, Abstract Hip-Hop",77
329,Lil Baby,The Leaks,2025,15,41,2.73,Southern Hip-Hop,Trap,Pop-Rap,"Southern Hip-Hop, Trap, Pop-Rap",60
330,MAVI,The Pilot,2025,10,24,2.4,Hip-Hop,Jazz-Rap,Pop-Rap,"Hip-Hop, Jazz-Rap, Pop-Rap",78
331,Imagine Dragons,Night Visions,2012,11,43,3.91,Alternative Pop,Pop-Rock,Alternative Rock,"Alternative Pop, Pop-Rock, Alternative Rock",48
332,Between the Buried and Me,Colors,2007,8,64,8.0,Progressive Metalcore,Avant-Garde Metal,Alternative Metal,"Progressive Metalcore, Avant-Garde Metal, Alternative Metal",77
333,Throbbing Gristle,20 Jazz Funk Greats,1979,11,41,3.73,Ambient,Electronic,Industrial,"Ambient, Electronic, Industrial",50
334,Loving,If I Am Only My Thoughts,2020,11,33,3.0,Bedroom Pop,Indie Pop,Neo-Psychedelia,"Bedroom Pop, Indie Pop, Neo-Psychedelia",60
335,Olivia Dean,The Art Of Loving,2025,12,34,2.83,Contemporary R&B,Alternative Pop,Pop-Soul,"Contemporary R&B, Alternative Pop, Pop-Soul",78
336,Injury Reserve,By The Time I Get to Phoenix,2021,11,41,3.73,Experimental Hip-Hop,Glitch Pop,Industrial Hip-Hop,"Experimental Hip-Hop, Glitch Pop, Industrial Hip-Hop",38
337,Jane Remover,♡,2025,6,26,4.33,Alternative Pop,Glitch Pop,Shoegaze,"Alternative Pop, Glitch Pop, Shoegaze",62
338,billy woods,GOLLIWOG,2025,18,52,2.89,Abstract Hip-Hop,Drumless Hip-Hop,Horrorcore,"Abstract Hip-Hop, Drumless Hip-Hop, Horrorcore",69
339,21 Savage,WHAT HAPPENED TO THE STREETS?,2025,14,47,3.36,Trap,Southern Hip-Hop,Contemporary Hip-Hop,"Trap, Southern Hip-Hop, Contemporary Hip-Hop",50
340,BIGBABYGUCCI,And When I'm Alone,2025,19,47,2.47,Pop-Rap,Contemporary Hip-Hop,Southern Hip-Hop,"Pop-Rap, Contemporary Hip-Hop, Southern Hip-Hop",70
341,"Nas, DJ Premier",Light-Years,2025,15,48,3.2,Hip-Hop,Boom Bap,East Coast Hip-Hop,"Hip-Hop, Boom Bap, East Coast Hip-Hop",50
342,Big K.R.I.T.,Dedicated to Cadalee Biarritz,2025,17,31,1.82,Southern Hip-Hop,Neo-Soul,Trap,"Southern Hip-Hop, Neo-Soul, Trap",75
343,Periphery,Periphery V: Djent Is Not A Genre,2023,9,70,7.78,Progressive Metal,Djent,Progressive Metalcore,"Progressive Metal, Djent, Progressive Metalcore",74
344,At the Drive-In,Relationship of Command,2000,13,53,4.08,Post-Hardcore,Shoegaze,Emo,"Post-Hardcore, Shoegaze, Emo",73
345,Falling in Reverse,The Drug In Me Is You,2011,11,45,4.09,Metalcore,Pop-Punk,Rap-Rock,"Metalcore, Pop-Punk, Rap-Rock",29
346,Metallica,Ride the Lightning,1984,8,47,5.88,Thrash Metal,Groove Metal,Heavy Metal,"Thrash Metal, Groove Metal, Heavy Metal",63
347,Kamggarn,Kamggarn,2021,9,36,4.0,Progressive Rock,Alternative Rock,Psychedelic Rock,"Progressive Rock, Alternative Rock, Psychedelic Rock",70
348,Conway the Machine,You Can't Kill God With Bullets,2025,18,60,3.33,East Coast Hip-Hop,Gangsta Rap,Boom Bap,"East Coast Hip-Hop, Gangsta Rap, Boom Bap",80
349,Deafheaven,Lonely People With Power,2025,12,62,5.17,Blackgaze,Post-Black Metal,Shoegaze,"Blackgaze, Post-Black Metal, Shoegaze",79
350,Spiritualized,Ladies and gentlemen we are floating in space,1997,12,70,5.83,Space Rock,Art Rock,Dream Pop,"Space Rock, Art Rock, Dream Pop",77
351,Deafheaven,Sunbather,2013,7,59,8.43,Blackgaze,Post-Black Metal,Shoegaze,"Blackgaze, Post-Black Metal, Shoegaze",80
352,t.A.T.u.,200 km/h in the Wrong Lane,2002,12,47,3.92,Europop,Dance-Pop,Alternative Pop,"Europop, Dance-Pop, Alternative Pop",70
353,Zara Larsson,Midnight Sun,2025,10,31,3.1,Dance-Pop,Contemporary Pop,Contemporary R&B,"Dance-Pop, Contemporary Pop, Contemporary R&B",70
354,Jae Stephens,TOTAL SELLOUT,2025,16,47,2.94,Contemporary R&B,Dance-Pop,Alternative Pop,"Contemporary R&B, Dance-Pop, Alternative Pop",74
355,G Herbo,Lil Herb,2025,15,44,2.93,Trap,Contemporary Hip-Hop,Pop-Rap,"Trap, Contemporary Hip-Hop, Pop-Rap",72
356,Loathe,The Cold Sun,2017,12,34,2.83,Metalcore,Alternative Metal,Post-Metal,"Metalcore, Alternative Metal, Post-Metal",71
357,Loathe,The Things They Believe,2021,12,35,2.92,Ambient,Drone,Darkwave,"Ambient, Drone, Darkwave",77
358,Architects,"The Sky, The Earth & All Between",2025,12,41,3.42,Alternative Metal,Metalcore,Shoegaze,"Alternative Metal, Metalcore, Shoegaze",75
359,Architects,Holy Hell,2018,11,42,3.82,Alternative Metal,Metalcore,Post-Hardcore,"Alternative Metal, Metalcore, Post-Hardcore",69
360,Gojira,From Mars to Sirius,2005,12,66,5.5,Progressive Metal,Groove Metal,Sludge Metal,"Progressive Metal, Groove Metal, Sludge Metal",79
361,Julia Wolf,PRESSURE,2025,11,30,2.73,Alternative Rock,Alternative Pop,Post-Grunge,"Alternative Rock, Alternative Pop, Post-Grunge",64
362,Animals as Leaders,Animals as Leaders,2009,12,52,4.33,Progressive Metal,Djent,Progressive Rock,"Progressive Metal, Djent, Progressive Rock",77
363,Animals as Leaders,The Joy of Motion,2014,12,54,4.5,Progressive Metal,Djent,Jazz Fusion,"Progressive Metal, Djent, Jazz Fusion",62
364,Denison Marrs,World Renown for Romance,2001,13,61,4.69,Alternative Rock,Space Rock,Post-Rock,"Alternative Rock, Space Rock, Post-Rock",80
365,Marina and the Diamonds,FROOT,2015,12,53,4.42,Synthpop,Alternative Pop,New Wave,"Synthpop, Alternative Pop, New Wave",71
