Artist,Album,Year,Type,Rating,Date Rated
Vince Staples,Cry Baby,2026,LP,70,6/12/26
Olivia Rodrigo,you seem pretty sad for a girl so in love,2026,LP,78,6/12/26
Scurra & Totojira,DOGHOUSE,2026,LP,70,6/3/26
6LACK,LOVE IS THE NEW GANGSTA,2026,LP,70,6/3/26
Freddie Gibbs,RBT,2026,EP,80,6/1/26
Chxrry,"U, Me & My Ego",2026,LP,72,6/1/26
Sleep Token,Even In Arcadia (Instrumental),2026,Instrumental,60,5/25/26
LUCKI,Dr*gs R Bad,2026,LP,40,5/25/26
BNYX®,GENESIS FM,2026,LP,40,5/24/26
Periphery,A Pale White Dot,2026,LP,65,5/24/26
Drake,HABIBTI,2026,LP,50,5/15/26
Drake,MAID OF HONOUR,2026,LP,46,5/15/26
Drake,ICEMAN,2026,LP,78,5/15/26
Kenny Mason,BULLDAWG,2026,LP,72,5/13/26
Halsey,The Great Impersonator (Deluxe),2026,Reissue,80,5/13/26
Jordi,Jordi,2026,LP,35,5/11/26
Girlfriend,Honey Water,2026,LP,77,5/9/26
The Lemon Twigs,Look for Your Mind!,2026,LP,50,5/9/26
North West,N0rth4evr,2026,EP,60,5/3/26
PlaqueBoyMax,Crash Dummy,2026,EP,35,5/3/26
LUCKI,DaysB4Bad*,2026,EP,70,5/3/26
Isaiah Rashad,IT'S BEEN AWFUL,2026,LP,72,5/2/26
Kehlani,Kehlani,2026,LP,72,4/27/26
Momo Boyd,Miss Michigan,2026,EP,72,4/27/26
Holywatr,Deo Gratias,2026,LP,74,4/21/26
Not for Radio,Bloom,2026,EP,80,4/21/26
Yeat,ADL,2026,LP,40,4/3/26
Artemas,getting up to no good,2026,Mixtape,69,4/3/26
Slayyyter,WOR$T GIRL IN AMERICA,2026,LP,68,4/3/26
156/Silence,People Watching,2024,LP,78,4/1/26
Thornhill,BODIES,2025,LP,80,4/1/26
Robyn,Sexistential,2026,LP,70,4/1/26
Melanie Martinez,HADES,2026,LP,68,3/30/26
Kanye West,BULLY,2026,LP,50,3/30/26
RAYE,THIS MUSIC MAY CONTAIN HOPE.,2026,LP,55,3/28/26
underscores,U,2026,LP,78,3/26/26
Mike WiLL Made-It,R3SET,2026,LP,60,3/26/26
Manderley,You Come in Seasons and Depart through Windy Gusts and Blowing Leaves,2026,LP,70,3/25/26
Jack Harlow,Monica,2026,LP,50,3/24/26
Kim Petras,Pretour,2026,EP,70,3/24/26
Rob Carroll,Rob Carroll Radio Vol. 1,2026,LP,75,3/24/26
beastboi.,LOUD AND FEAR,2026,LP,65,3/20/26
ADÉLA,The Provocateur,2025,EP,77,3/17/26
slayr,Half Blood,2025,Mixtape,35,3/17/26
The Scythe,Strictly 4 The Scythe,2026,Mixtape,72,3/17/26
Pimmie,Don't Come Home,2026,Mixtape,60,3/13/26
Artemas,LOVERCORE,2025,Mixtape,77,3/13/26
Harry Styles,"Kiss All The Time. Disco, Occasionally.",2026,LP,50,3/12/26
Mitski,Nothing's About to Happen to Me,2026,LP,70,2/27/26
Bruno Mars,The Romantic,2026,LP,65,2/27/26
J. Cole,BIRTHDAY BLIZZARD '26,2026,EP,70,2/24/26
Madison Beer,locket,2026,LP,70,2/24/26
Gumshoes,Happy New Year,2026,LP,63,2/24/26
Ella Mai,Do You Still Love Me?,2026,LP,60,2/21/26
Baby Keem,Ca$ino,2026,LP,20,2/20/26
Nova Twins,Parasites & Butterflies,2025,LP,67,2/17/26
Brent Faiyaz,Icon,2026,LP,60,2/13/26
Charli xcx,Wuthering Heights,2026,Soundtrack,65,2/13/26
J. Cole,The Fall-Off,2026,LP,79,2/6/26
Don Toliver,OCTANE,2026,LP,77,2/5/26
Fugit,dream shelter,2026,LP,80,1/27/26
I Promised the World,I Promised the World,2026,EP,76,1/25/26
A$AP Rocky,Don't Be Dumb,2026,LP,64,1/20/26
MARINA,FROOT,2015,LP,71,12/30/25
Denison Marrs,World Renown for Romance,2001,LP,80,12/29/25
Animals as Leaders,The Joy of Motion,2014,LP,62,12/28/25
Animals as Leaders,Animals as Leaders,2009,LP,77,12/27/25
Julia Wolf,PRESSURE,2025,LP,64,12/26/25
Gojira,From Mars to Sirius,2005,LP,79,12/26/25
Architects,Holy Hell,2018,LP,69,12/25/25
Architects,"The Sky, the Earth & All Between",2025,LP,75,12/25/25
Loathe,The Things They Believe,2021,LP,77,12/24/25
Loathe,The Cold Sun,2017,LP,71,12/24/25
G Herbo,Lil Herb,2025,LP,72,12/23/25
Jae Stephens,TOTAL SELLOUT,2025,Reissue,74,12/23/25
Zara Larsson,Midnight Sun,2025,LP,70,12/22/25
t.A.T.u.,200 km/h in the Wrong Lane,2002,LP,70,12/21/25
Deafheaven,Sunbather,2013,LP,80,12/20/25
Spiritualized,Ladies and gentlemen we are floating in space,1997,LP,77,12/20/25
Deafheaven,Lonely People With Power,2025,LP,79,12/19/25
Conway the Machine,You Can't Kill God with Bullets,2025,LP,80,12/17/25
Kamggarn,Kamggarn,2021,LP,70,12/17/25
Metallica,Ride the Lightning,1984,LP,63,12/16/25
Falling In Reverse,The Drug in Me Is You,2011,LP,29,12/15/25
At the Drive-In,Relationship of Command,2000,LP,73,12/14/25
Periphery,Periphery V: Djent is Not a Genre,2023,LP,74,12/14/25
Big K.R.I.T.,Dedicated to Cadalee Biarritz Vol. 1,2025,LP,75,12/13/25
Nas & DJ Premier,Light-Years,2025,LP,50,12/13/25
BIGBABYGUCCI,And When I'm Alone,2025,LP,70,12/12/25
21 Savage,WHAT HAPPENED TO THE STREETS?,2025,LP,50,12/12/25
billy woods,GOLLIWOG,2025,LP,69,12/12/25
Jane Remover,♡,2025,EP,62,12/10/25
Injury Reserve,By the Time I Get to Phoenix,2021,LP,38,12/10/25
Olivia Dean,The Art of Loving,2025,LP,78,12/9/25
Loving,If I Am Only My Thoughts,2020,LP,60,12/8/25
Throbbing Gristle,20 Jazz Funk Greats,1979,LP,50,12/6/25
Between the Buried and Me,Colors,2007,LP,77,12/5/25
Imagine Dragons,Night Visions,2012,LP,48,12/5/25
MAVI,The Pilot,2025,Mixtape,78,12/4/25
Lil Baby,The Leaks,2025,Mixtape,60,12/4/25
MAVI,shadowbox,2024,LP,77,12/4/25
MAVI,"Laughing so Hard, it Hurts",2022,LP,77,12/3/25
twenty one pilots,Breach,2025,LP,75,12/3/25
Flyleaf,Memento Mori,2009,LP,75,12/3/25
MAVI,Let the Sun Talk,2019,LP,76,12/1/25
Sweet Trip,Velocity : Design : Comfort.,2003,LP,67,11/29/25
The Brave Little Abacus,just got back from the discomfort—we're alright,2010,LP,38,11/27/25
Quasimoto,The Unseen,2000,LP,70,11/26/25
Periphery,Juggernaut: Omega,2015,LP,78,11/24/25
Periphery,Juggernaut: Alpha,2015,LP,77,11/24/25
Periphery,Periphery II: This Time It's Personal,2012,LP,71,11/23/25
Sam O,Strange Power,2025,LP,70,11/22/25
Home Is Where,the whaler,2023,LP,71,11/21/25
Daft Punk,Discovery,2001,LP,73,11/20/25
foxtails,III,2017,LP,79,11/19/25
BIA,BIANCA,2025,LP,70,11/18/25
FKA twigs,EUSEXUA Afterglow,2025,LP,72,11/17/25
M83,"Dead Cities, Red Seas & Lost Ghosts",2003,LP,78,11/17/25
Danny Brown,Stardust,2025,LP,50,11/14/25
MGMT,Little Dark Age,2018,LP,50,11/13/25
Boris,Pink,2005,LP,78,11/12/25
Alice in Chains,Facelift,1990,LP,74,11/11/25
Girlfriends,Girlfriends,2009,LP,72,11/11/25
Offset,HAUNTED BY FAME,2025,Mixtape,60,11/10/25
George Clanton,Slide,2018,LP,59,11/10/25
Depeche Mode,Violator,1990,LP,77,11/9/25
Saya Gray,SAYA,2025,LP,76,11/9/25
Broadcast,The Noise Made By People,2000,LP,71,11/8/25
ROSALÍA,LUX,2025,LP,66,11/8/25
Daniel Caesar,Son Of Spergy,2025,LP,70,11/7/25
Ravyn Lenae,Hypnos,2022,LP,60,11/6/25
Ravyn Lenae,Bird's Eye,2024,LP,76,11/5/25
Turnstile,NEVER ENOUGH,2025,LP,70,11/4/25
Hayley Williams,FLOWERS for VASES / descansos,2021,LP,79,11/3/25
Hayley Williams,Petals for Armor,2020,LP,70,11/2/25
Saba,C0FFEE!,2025,Mixtape,50,11/2/25
Armani White,THERE’S A GHOST IN MY HOUSE.,2025,LP,46,11/2/25
Ty Dolla $ign,TYCOON,2025,LP,55,10/28/25
Ex:Re,Ex:Re,2018,LP,79,10/28/25
Björk,Post,1995,LP,73,10/26/25
MASS OF THE FERMENTING DREGS,No New World,2018,LP,71,10/25/25
BNYX®,LOADING...,2025,EP,60,10/25/25
Björk,Debut,1993,LP,72,10/24/25
Common,Be,2005,LP,70,10/23/25
Tory Lanez,I Told You,2016,LP,54,10/22/25
Mariah the Scientist,HEARTS SOLD SEPARATELY,2025,LP,78,10/21/25
Ovrkast.,While The Iron Is Hot,2025,LP,77,10/21/25
Tame Impala,Deadbeat,2025,LP,45,10/20/25
Big Boi,Sir Lucious Left Foot: The Son of Chico Dusty,2010,LP,66,10/20/25
Suki Waterhouse,Memoir of a Sparklemuffin,2024,LP,78,10/19/25
Suki Waterhouse,I Can't Let Go,2022,LP,77,10/18/25
Night Tapes,portals//polarities,2025,LP,69,10/18/25
Tame Impala,The Slow Rush,2020,LP,70,10/18/25
Weyes Blood,Titanic Rising,2019,LP,77,10/17/25
Sky Ferreira,"Night Time, My Time",2013,LP,80,10/17/25
Tame Impala,Currents,2015,LP,79,10/17/25
Kehlani,blue water road,2022,LP,78,10/16/25
BIA,FOR CERTAIN,2020,EP,61,10/15/25
Nourished By Time,The Passionate Ones,2025,LP,71,10/15/25
Not for Radio,Melt,2025,LP,78,10/14/25
Wunderhorse,Midas,2024,LP,78,10/13/25
PinkPantheress,Fancy Some More?,2025,Remix,63,10/13/25
Porcupine Tree,In Absentia,2002,LP,76,10/10/25
Wunderhorse,Cub,2022,LP,75,10/9/25
Benny the Butcher,The Plugs I Met,2019,EP,78,10/8/25
Architects,All Our Gods Have Abandoned Us,2016,LP,78,10/7/25
Beach House,Bloom,2012,LP,75,10/7/25
Taylor Swift,evermore,2020,LP,70,10/6/25
Taylor Swift,folklore,2020,LP,78,10/6/25
Taylor Swift,The Life of a Showgirl,2025,LP,45,10/3/25
EsDeeKid,Rebel,2025,Mixtape,55,10/3/25
Bryson Tiller,Solace,2025,Miscellaneous,45,10/2/25
Pantera,Vulgar Display of Power,1992,LP,75,10/2/25
Geese,Getting Killed,2025,LP,58,10/1/25
Pantera,Cowboys from Hell,1990,LP,73,9/30/25
Deftones,Covers,2011,Compilation,70,9/30/25
SZA,Z,2014,EP,76,9/29/25
Dijon,Absolutely,2021,LP,75,9/29/25
Slipknot,All Hope Is Gone,2008,LP,73,9/27/25
Young Thug,UY SCUTI,2025,LP,48,9/26/25
Doja Cat,Vie,2025,LP,70,9/26/25
Flyleaf,Flyleaf,2005,LP,79,9/25/25
Maximum Love,Apollo,2024,LP,60,9/24/25
Cigarettes After Sex,Cigarettes After Sex,2017,LP,45,9/23/25
Magdalena Bay,Mercurial World,2021,LP,76,9/22/25
Wolf Alice,Visions of a Life,2017,LP,77,9/21/25
Adele,30,2021,LP,73,9/21/25
Cardi B,AM I THE DRAMA?,2025,LP,62,9/20/25
Maroon 5,Songs About Jane,2002,LP,50,9/18/25
Hayley Williams,Ego Death At A Bachelorette Party,2025,LP,85,9/18/25
The Japanese House,In The End It Always Does,2023,LP,77,9/18/25
The Japanese House,Good At Falling,2019,LP,77,9/17/25
Bruno Mars,24K Magic,2016,LP,78,9/17/25
Bruno Mars,Unorthodox Jukebox,2012,LP,75,9/16/25
Bruno Mars,Doo-Wops & Hooligans,2010,LP,74,9/16/25
Candy Claws,Ceres & Calypso in the Deep Time,2013,LP,76,9/14/25
Adele,25,2015,LP,69,9/12/25
Cocteau Twins,Treasure,1984,LP,77,9/11/25
Honey Revenge,Retrovision,2023,LP,69,9/10/25
Blood Orange,Essex Honey,2025,LP,50,9/9/25
Slipknot,Vol. 3: (The Subliminal Verses),2004,LP,80,9/8/25
Fleshwater,2000: In Search of the Endless Sky,2025,LP,70,9/7/25
Arctic Monkeys,"Whatever People Say I Am, That's What I'm Not",2006,LP,63,9/6/25
Ava Max,Don't Click Play,2025,LP,63,9/4/25
Sabrina Carpenter,Man's Best Friend,2025,LP,50,9/2/25
Bryson Tiller,The Vices,2025,Miscellaneous,50,9/1/25
EDEN,Dark,2025,LP,62,9/1/25
Lupe Fiasco,GHOTIING,2025,EP,77,8/30/25
Laufey,A Matter of Time,2025,LP,55,8/28/25
Lupe Fiasco,Samurai DX,2025,EP,80,8/26/25
sombr,I Barely Know Her,2025,LP,30,8/26/25
Arctic Monkeys,AM,2013,LP,71,8/26/25
Earl Sweatshirt,Live Laugh Love,2025,LP,40,8/22/25
Deftones,private music,2025,LP,86,8/22/25
Young Nudy,PARADISE,2025,LP,60,8/21/25
Ethel Cain,"Willoughby Tucker, I'll Always Love You",2025,LP,77,8/16/25
Alvvays,Blue Rev,2022,LP,70,8/14/25
Split Chain,motionblur,2025,LP,75,8/13/25
Yeat,DANGEROUS SUMMER,2025,EP,75,8/12/25
Gunna,The Last Wun,2025,LP,25,8/12/25
Quadeca,"Vanisher, Horizon Scraper",2025,LP,52,8/11/25
†††,PERMANENT.RADIANT,2022,EP,56,8/8/25
JID,God Does Like Ugly,2025,LP,63,8/8/25
Bryson Tiller,Bryson Tiller,2024,LP,57,8/7/25
Wisp,If Not Winter,2025,LP,77,8/6/25
YT,OI!,2025,Mixtape,29,8/6/25
Aries,WELCOME HOME,2019,LP,68,8/3/25
Reneé Rapp,BITE ME,2025,LP,58,8/2/25
Metro Boomin,Metro Boomin Presents: A Futuristic Summa,2025,Mixtape,55,8/2/25
Adele,21,2011,LP,74,7/30/25
Nelly Furtado,Loose,2006,LP,74,7/30/25
Alicia Keys,The Diary of Alicia Keys,2003,LP,70,7/28/25
Kali Uchis,Isolation,2018,LP,78,7/27/25
Joni Mitchell,Blue,1971,LP,72,7/27/25
LUCKI,Days B4 III,2019,EP,75,7/26/25
Hanumankind,Monsoon Season,2025,Mixtape,42,7/25/25
Freddie Gibbs & The Alchemist,Alfredo 2,2025,LP,77,7/25/25
LUCKI,Alternative Trap,2013,Mixtape,72,7/23/25
Dreamville,Revenge of the Dreamers III,2019,Compilation,72,7/23/25
Joyner Lucas,ADHD 2,2025,LP,45,7/21/25
"Tyler, The Creator",DON'T TAP THE GLASS,2025,LP,47,7/21/25
Kate Bush,Never for Ever,1980,LP,70,7/19/25
Bruiser Wolf,POTLUCK,2025,LP,6,7/18/25
Benny the Butcher,Summertime Butch 2,2025,Mixtape,58,7/18/25
untiljapan,trompe l'oeil,2025,LP,75,7/17/25
Lizzo,MY FACE HURTS FROM SMILING,2025,Mixtape,30,7/17/25
Meshuggah,ObZen,2008,LP,80,7/17/25
Wet Leg,moisturizer,2025,LP,72,7/16/25
Justin Bieber,SWAG,2025,LP,60,7/16/25
Meshuggah,Chaosphere,1998,LP,55,7/14/25
Thirty Seconds to Mars,A Beautiful Lie,2005,LP,68,7/14/25
J Dilla,Donuts,2006,LP,70,7/14/25
JACKBOYS & Travis Scott,JACKBOYS 2,2025,Compilation,65,7/13/25
Radiohead,A Moon Shaped Pool,2016,LP,76,7/12/25
Radiohead,The King of Limbs,2011,LP,70,7/12/25
Snow Strippers,April Mixtape 3,2023,Mixtape,75,7/12/25
PlaqueBoyMax,Five Forever,2025,Mixtape,32,7/11/25
Clipse,Let God Sort Em Out,2025,LP,63,7/11/25
Deftones,B-Sides & Rarities,2005,Compilation,80,7/10/25
Nas,Untitled,2008,LP,80,7/9/25
Tierra Whack,WORLD WIDE WHACK,2024,LP,29,7/9/25
Nas,Hip Hop Is Dead,2006,LP,78,7/9/25
underscores,Wallsocket,2023,LP,68,7/8/25
Nas,Street's Disciple,2004,LP,66,7/8/25
Nas,God's Son,2002,LP,77,7/8/25
Oklou,Galore,2020,Mixtape,70,7/7/25
Beyoncé,Dangerously in Love,2003,LP,63,7/7/25
Paramore,After Laughter,2017,LP,70,7/7/25
파란노을 [Parannoul],After the Magic,2023,LP,50,7/7/25
Justice,Hyperdrama,2024,LP,69,7/4/25
JID,GDLU (Preluxe),2025,EP,75,7/4/25
Justice,†,2007,LP,77,7/3/25
Crystal Castles,Crystal Castles (II),2010,LP,70,7/3/25
Mannequin Pussy,Patience,2019,LP,74,7/3/25
Crystal Castles,Crystal Castles,2008,LP,59,7/1/25
twenty one pilots,Clancy,2024,LP,76,6/30/25
Taylor Swift,Red,2012,LP,67,6/30/25
Mannequin Pussy,I Got Heaven,2024,LP,71,6/29/25
Clipse,Lord Willin',2002,LP,70,6/29/25
Paramore,Re: This Is Why,2023,Remix,69,6/29/25
Phoebe Bridgers,Stranger in the Alps,2017,LP,82,6/28/25
Phoebe Bridgers,Punisher,2020,LP,78,6/28/25
ROLE MODEL,Kansas Anymore,2024,LP,29,6/27/25
Lorde,Virgin,2025,LP,70,6/27/25
Lorde,Solar Power,2021,LP,50,6/26/25
Benson Boone,American Heart,2025,LP,32,6/24/25
Mannequin Pussy,Romantic,2016,LP,76,6/24/25
twenty one pilots,Trench,2018,LP,70,6/24/25
Major Lazer,Peace Is the Mission,2015,LP,65,6/24/25
Radiohead,Hail to the Thief,2003,LP,40,6/23/25
Radiohead,Amnesiac,2001,LP,60,6/22/25
Radiohead,Pablo Honey,1993,LP,66,6/20/25
Knocked Loose,You Won't Go Before You're Supposed To,2024,LP,60,6/18/25
"Ransom, V Don & Conway the Machine",Chaos Is My Ladder 2,2024,LP,68,6/18/25
d4vd,WITHERED,2025,LP,77,6/16/25
Benny the Butcher,Excelsior,2025,EP,60,6/15/25
Halsey,"If I Can't Have Love, I Want Power",2021,LP,82,6/14/25
Lil Tecca,DOPAMINE,2025,LP,72,6/14/25
Little Simz,Lotus,2025,LP,75,6/12/25
McKinley Dixon,"Magic, Alive!",2025,LP,45,6/11/25
MARINA,PRINCESS OF POWER,2025,LP,63,6/11/25
Addison Rae,Addison,2025,LP,78,6/10/25
Lil Wayne,Tha Carter VI,2025,LP,64,6/9/25
Leon Thomas,MUTT,2024,LP,60,6/4/25
Linkin Park,Minutes to Midnight,2007,LP,59,6/4/25
Fiona Apple,Fetch the Bolt Cutters,2020,LP,50,6/2/25
Childish Gambino,Camp,2011,LP,22,6/2/25
Miley Cyrus,Something Beautiful,2025,LP,71,6/2/25
Miley Cyrus,Plastic Hearts,2020,LP,75,6/2/25
Halsey,Manic,2020,LP,76,6/1/25
The Cure,Songs of a Lost World,2024,LP,77,6/1/25
Weiland,You Can't Climb The Mountain In N.Y.,2025,EP,70,5/31/25
Taylor Swift,Speak Now,2010,LP,70,5/31/25
Snoop Dogg & Dr. Dre,Missionary,2024,LP,52,5/30/25
Spiritbox,The Fear of Fear,2023,EP,89,5/30/25
Spiritbox,Rotoscope,2022,EP,78,5/29/25
Spiritbox,Spiritbox,2017,EP,78,5/29/25
Juice WRLD,The Party Never Ends,2024,LP,36,5/28/25
Juice WRLD,Fighting Demons,2021,LP,58,5/28/25
Amy Winehouse,Back to Black,2006,LP,62,5/27/25
Chappell Roan,The Rise and Fall of a Midwest Princess,2023,LP,70,5/25/25
Halsey,hopeless fountain kingdom,2017,LP,77,5/14/25
Flume & JPEGMAFIA,We Live In A Society,2025,EP,50,5/13/25
Charli xcx,Number 1 Angel,2017,Mixtape,78,5/13/25
NxWorries,WHY LAWD?,2024,LP,71,5/12/25
NxWorries,Yes Lawd!,2016,LP,72,5/12/25
Charli xcx,how i'm feeling now,2020,LP,62,5/12/25
Kali Uchis,"Sincerely,",2025,LP,78,5/11/25
Sleep Token,Even in Arcadia,2025,LP,62,5/10/25
PinkPantheress,Fancy That,2025,Mixtape,78,5/9/25
Nine Vicious,Tumblr Music,2025,LP,28,5/9/25
Jalisa Rey,ILYSFM,2024,EP,74,5/8/25
Paramore,All We Know Is Falling,2005,LP,73,5/8/25
Conway the Machine,From King to a GOD,2020,LP,78,5/6/25
Fousheé,Pointy Heights,2024,LP,70,5/6/25
BANKS,Off With Her Head,2025,LP,75,5/6/25
Fousheé,softCORE,2022,LP,62,5/5/25
Mitski,The Land Is Inhospitable and So Are We,2023,LP,70,5/5/25
Clairo,Sling,2021,LP,60,5/3/25
MARINA,Electra Heart,2012,LP,84,5/3/25
Fousheé,time machine,2021,LP,76,5/1/25
Radiohead,The Bends,1995,LP,76,5/1/25
Artemas,pretty,2024,Mixtape,72,4/30/25
Malcolm Todd,Malcolm Todd,2025,LP,70,4/30/25
Katy Perry,Teenage Dream,2010,LP,74,4/29/25
Queens of the Stone Age,Songs for the Deaf,2002,LP,71,4/29/25
Malcolm Todd,Sweet Boy,2024,Mixtape,68,4/28/25
Rainbow Kitten Surprise,"How To: Friend, Love, Freefall",2018,LP,65,4/27/25
Beach House,Teen Dream,2010,LP,75,4/24/25
Fiona Apple,When the Pawn...,1999,LP,60,4/23/25
Bad Bunny,DeBÍ TiRAR MáS FOToS,2025,LP,72,4/21/25
Saba & No I.D.,From the Private Collection of Saba and No I.D.,2025,LP,63,4/20/25
TOOL,Opiate,1992,EP,60,4/17/25
Paramore,Paramore,2013,LP,76,4/16/25
Montell Fish,CHARLOTTE,2024,LP,71,4/14/25
Pink Floyd,Wish You Were Here,1975,LP,80,4/14/25
Fleshwater,Sounds of Grieving,2023,Remix,76,4/7/25
The Beatles,Abbey Road,1969,LP,45,4/7/25
Jane Remover,Revengeseekerz,2025,LP,42,4/4/25
Saba,CARE FOR ME,2018,LP,50,4/3/25
Linkin Park,From Zero,2024,LP,68,3/31/25
NAV,OMW2 REXDALE,2025,LP,35,3/31/25
Whirr,Pipe Dreams,2012,LP,80,3/31/25
Kevin Gates,Islah,2016,LP,68,3/31/25
Slipknot,Iowa,2001,LP,70,3/31/25
Alice in Chains,Dirt,1992,LP,80,3/23/25
Catherine Wheel,Chrome,1993,LP,77,3/22/25
Sleep Token,Take Me Back to Eden,2023,LP,64,3/19/25
Sleep Token,This Place Will Become Your Tomb,2021,LP,62,3/19/25
Sleep Token,Sundowning,2019,LP,52,3/19/25
Nirvana,In Utero,1993,LP,78,3/18/25
Nirvana,Nevermind,1991,LP,77,3/18/25
Metallica,Metallica,1991,LP,70,3/17/25
PRhyme,PRhyme 2,2018,LP,74,3/16/25
Playboi Carti,MUSIC,2025,LP,77,3/14/25
Jeff Buckley,Grace,1994,LP,72,3/11/25
Portishead,Dummy,1994,LP,72,3/10/25
Lady Gaga,MAYHEM,2025,LP,48,3/8/25
Spiritbox,Tsunami Sea,2025,LP,89,3/7/25
The Strokes,The New Abnormal,2020,LP,78,3/6/25
Palms,Palms,2013,LP,79,3/5/25
System of a Down,Steal This Album!,2002,LP,62,3/4/25
Radiohead,Kid A,2000,LP,72,3/4/25
LISA,Alter Ego,2025,LP,62,3/3/25
System of a Down,Hypnotize,2005,LP,77,3/1/25
System of a Down,Mezmerize,2005,LP,75,2/28/25
Audioslave,Audioslave,2002,LP,30,2/27/25
Alice in Chains,Jar of Flies,1994,EP,76,2/26/25
A Perfect Circle,Mer de Noms,2000,LP,66,2/26/25
Evanescence,The Open Door,2006,LP,74,2/23/25
A Perfect Circle,Thirteenth Step,2003,LP,82,2/22/25
Tate McRae,So Close To What,2025,LP,60,2/21/25
Slowdive,Souvlaki,1993,LP,74,2/19/25
Kali Uchis,ORQUÍDEAS,2024,LP,78,2/19/25
Kiana Ledé,Cut Ties,2024,LP,63,2/19/25
beabadoobee,Beatopia,2022,LP,68,2/18/25
The Strokes,Is This It,2001,LP,78,2/18/25
Big Sean,Better Me Than You,2024,LP,55,2/16/25
Wallows,Model,2024,LP,67,2/16/25
Loathe,I Let It in and It Took Everything,2020,LP,82,2/16/25
Clairo,Immunity,2019,LP,77,2/15/25
Nothing But Thieves,Broken Machine,2017,LP,70,2/15/25
PARTYNEXTDOOR & Drake,$ome $exy $ongs 4 U,2025,LP,70,2/14/25
Central Cee,CAN'T RUSH GREATNESS,2025,LP,45,2/14/25
Logic,Aquarius III,2025,EP,57,2/13/25
Mac Miller,Balloonerism,2025,LP,70,2/13/25
Lil Baby,WHAM,2025,LP,50,2/13/25
Caroline Polachek,"Desire, I Want to Turn Into You",2023,LP,69,2/12/25
Ethel Cain,Perverts,2025,EP,78,2/12/25
Mk.gee,Two Star & The Dream Police,2024,LP,47,2/12/25
Gorillaz,Plastic Beach,2010,LP,70,2/12/25
Metallica,Master of Puppets,1986,LP,60,2/10/25
Oklou,choke enough,2025,LP,70,2/10/25
†††,"Goodnight, God Bless, I Love U, Delete.",2023,LP,68,2/10/25
Paramore,Riot!,2007,LP,81,2/9/25
Spiritbox,Eternal Blue,2021,LP,92,2/9/25
070 Shake,Petrichor,2024,LP,78,2/8/25
Imogen Heap,Speak for Yourself,2005,LP,80,2/8/25
"Larry June, 2 Chainz & The Alchemist",Life Is Beautiful,2025,LP,72,2/8/25
Lorde,Pure Heroine,2013,LP,68,2/5/25
Lorde,Melodrama,2017,LP,78,2/4/25
The Weeknd,Hurry Up Tomorrow,2025,LP,82,1/31/25
Slipknot,Slipknot,1999,LP,65,1/27/25
Team Sleep,Team Sleep,2005,LP,65,1/26/25
FKA twigs,EUSEXUA,2025,LP,69,1/24/25
Ethel Cain,Preacher's Daughter,2022,LP,78,1/22/25
TOOL,Fear Inoculum,2019,LP,73,1/17/25
TOOL,Undertow,1993,LP,70,1/13/25
SZA,SOS Deluxe: LANA,2024,Reissue,74,12/22/24
Kendrick Lamar,GNX,2024,LP,79,12/16/24
Clara La San,Good Mourning,2024,LP,70,12/16/24
Doechii,Alligator Bites Never Heal,2024,Mixtape,70,12/16/24
JPEGMAFIA,I LAY DOWN MY LIFE FOR YOU,2024,LP,34,12/16/24
Paramore,brand new eyes,2009,LP,79,12/10/24
TOOL,"10,000 Days",2006,LP,82,12/9/24
System of a Down,System of a Down,1998,LP,57,11/25/24
Cordae,The Crossroads,2024,LP,60,11/19/24
Freddie Gibbs,You Only Die 1nce,2024,LP,74,11/19/24
The Mars Volta,Frances the Mute,2005,LP,38,11/6/24
TOOL,Lateralus,2001,LP,85,11/5/24
Sabrina Carpenter,Short n' Sweet,2024,LP,45,11/3/24
LATIN MAFIA,TODOS LOS DÍAS TODO EL DÍA,2024,LP,70,11/2/24
TOOL,Ænima,1996,LP,78,11/2/24
Halsey,The Great Impersonator,2024,LP,84,11/2/24
Lil Uzi Vert,Eternal Atake 2,2024,LP,30,11/1/24
Radiohead,OK Computer,1997,LP,76,10/31/24
"Tyler, The Creator",CHROMAKOPIA,2024,LP,50,10/28/24
Radiohead,In Rainbows,2007,LP,84,10/27/24
Kate Bush,Hounds of Love,1985,LP,77,10/27/24
Halsey,BADLANDS,2015,LP,70,10/27/24
Tommy Richman,COYOTE,2024,LP,55,10/27/24
Joyner Lucas,Not Now I'm Busy,2024,LP,40,10/27/24
The Smashing Pumpkins,Siamese Dream,1993,LP,75,10/27/24
Magdalena Bay,Imaginal Disk,2024,LP,82,10/22/24
Panchiko,D>E>A>T>H>M>E>T>A>L,2020,Reissue,68,10/22/24
Pink Floyd,The Dark Side of the Moon,1973,LP,77,10/18/24
Cocteau Twins,Heaven or Las Vegas,1990,LP,80,10/16/24
Charli xcx,Brat and it's completely different but also still brat,2024,Remix,67,10/13/24
†††,†††,2014,LP,87,10/11/24
Che Ecru,Pain Pack 5,2022,LP,72,10/4/24
Lil Tecca,PLAN A,2024,LP,70,9/30/24
Deftones,Deftones,2003,LP,90,9/22/24
Deftones,Adrenaline,1995,LP,68,9/22/24
Fleshwater,We're Not Here to Be Loved,2022,LP,79,9/21/24
Future,MIXTAPE PLUTO,2024,Mixtape,79,9/20/24
Deftones,Gore,2016,LP,80,9/18/24
Evanescence,Fallen,2003,LP,81,9/17/24
Linkin Park,Meteora,2003,LP,84,9/17/24
Linkin Park,Hybrid Theory,2000,LP,80,9/16/24
The Dare,What's Wrong With New York?,2024,LP,28,9/16/24
System of a Down,Toxicity,2001,LP,78,9/14/24
Clara La San,Made Mistakes,2024,LP,78,9/13/24
my bloody valentine,loveless,1991,LP,77,8/23/24
Clairo,Charm,2024,LP,66,8/23/24
beabadoobee,This Is How Tomorrow Moves,2024,LP,67,8/18/24
Tinashe,Quantum Baby,2024,LP,73,8/18/24
Deftones,Around the Fur,1997,LP,87,8/16/24
Latto,Sugar Honey Iced Tea,2024,LP,60,8/11/24
Logic,Ultra 85,2024,LP,72,8/11/24
Polo G,HOOD POET,2024,LP,67,8/10/24
Brent Faiyaz,Fuck The World,2020,EP,79,8/3/24
¥$,VULTURES 2,2024,LP,50,8/3/24
Mustard,Faith of a Mustard Seed,2024,LP,71,7/26/24
Mustard,Perfect Ten,2019,LP,75,7/26/24
Ice Spice,Y2K!,2024,LP,78,7/26/24
Deftones,White Pony,2000,LP,90,7/23/24
Deftones,Ohms,2020,LP,77,7/20/24
Childish Gambino,Bando Stone and The New World,2024,LP,40,7/20/24
Denzel Curry,King of the Mischievous South Vol. 2,2024,Mixtape,78,7/19/24
Deftones,Saturday Night Wrist,2006,LP,78,7/17/24
Eminem,The Death of Slim Shady (Coup de Grâce),2024,LP,68,7/16/24
Artemas,yustyna,2024,Mixtape,74,7/16/24
Deftones,Diamond Eyes,2010,LP,87,7/11/24
Deftones,Koi No Yokan,2012,LP,100,7/11/24
Camila Cabello,"C,XOXO",2024,LP,60,7/8/24
Ice Spice,Like..? (Deluxe),2023,Reissue,72,7/8/24
Megan Thee Stallion,MEGAN,2024,LP,70,7/4/24
Lupe Fiasco,Samurai,2024,LP,80,6/28/24
Normani,DOPAMINE,2024,LP,68,6/26/24
YG,My Krazy Life,2014,LP,80,6/26/24
Don Toliver,HARDSTONE PSYCHO,2024,LP,68,6/15/24
LUCKI,GEMINI!,2024,LP,72,6/14/24
Vince Staples,Dark Times,2024,LP,78,6/14/24
Ski Mask the Slump God,11th Dimension,2024,LP,48,6/7/24
Charli xcx,BRAT,2024,LP,76,6/7/24
Mach-Hommy,#RICHAXXHAITIAN,2024,LP,76,6/2/24
Sexyy Red,In Sexyy We Trust,2024,Mixtape,44,6/2/24
The Marías,Submarine,2024,LP,78,5/31/24
Highway,Monochrome,2023,LP,72,5/23/24
Billie Eilish,HIT ME HARD AND SOFT,2024,LP,82,5/17/24
Chief Keef,Almighty So 2,2024,LP,79,5/12/24
Dua Lipa,Radical Optimism,2024,LP,76,5/11/24
Chief Keef & Mike WiLL Made-It,DIRTY NACHOS,2024,Mixtape,74,5/11/24
Conway the Machine,Slant Face Killah,2024,LP,78,5/10/24
Gunna,One of Wun,2024,LP,70,5/10/24
4batz,u made me a st4r,2024,Mixtape,74,5/4/24
PARTYNEXTDOOR,PARTYNEXTDOOR 4 (P4),2024,LP,82,4/26/24
Taylor Swift,THE TORTURED POETS DEPARTMENT: THE ANTHOLOGY,2024,Reissue,48,4/21/24
Taylor Swift,THE TORTURED POETS DEPARTMENT,2024,LP,42,4/20/24
Future & Metro Boomin,WE STILL DON'T TRUST YOU,2024,LP,90,4/12/24
Beyoncé,I AM...SASHA FIERCE (Deluxe Edition),2009,Reissue,72,4/11/24
Doja Cat,Scarlet 2 CLAUDE,2024,Reissue,78,4/9/24
J. Cole,Might Delete Later,2024,Mixtape,72,4/5/24
Tyla,TYLA,2024,LP,72,4/3/24
mgk & Trippie Redd,genre : sadboy,2024,EP,29,4/1/24
Beyoncé,COWBOY CARTER,2024,LP,45,3/29/24
Future & Metro Boomin,WE DON'T TRUST YOU,2024,LP,86,3/22/24
Kenny Mason,9,2024,LP,73,3/17/24
Ariana Grande,eternal sunshine,2024,LP,79,3/8/24
ScHoolboy Q,BLUE LIPS,2024,LP,76,3/1/24
French Montana,Mac & Cheese 5,2024,Mixtape,49,2/24/24
Little Simz,Drop 7,2024,EP,65,2/21/24
T.I.,Urban Legend,2004,LP,77,2/21/24
Yeat,2093,2024,LP,66,2/17/24
¥$,VULTURES 1,2024,LP,75,2/11/24
50 Cent,Animal Ambition: An Untamed Desire to Win,2014,LP,41,2/8/24
The Game,The Documentary,2005,LP,73,2/8/24
Tate McRae,THINK LATER,2023,LP,52,2/8/24
Nas,Stillmatic,2001,LP,74,2/7/24
T.I.,Trouble Man: Heavy Is the Head,2012,LP,77,2/5/24
TiaCorine,Almost There,2024,EP,72,2/5/24
Waka Flocka Flame,Flockaveli,2010,LP,80,2/2/24
Nas,Nastradamus,1999,LP,43,2/1/24
Dominic Fike,Sunburn,2023,LP,70,1/30/24
Maxo Kream,WEIGHT OF THE WORLD,2021,LP,70,1/30/24
Benny the Butcher,Everybody Can't Go,2024,LP,75,1/27/24
Lyrical Lemonade,All Is Yellow,2024,LP,58,1/27/24
Bryson Tiller,"SLUM TILLER, Vol. 3",2024,EP,76,1/24/24
Bryson Tiller,"SLUM TILLER, Vol. 2",2023,EP,75,1/24/24
Bryson Tiller,SLUM TILLER VOL. 1,2023,EP,74,1/24/24
Goodie Mob,Soul Food,1995,LP,75,1/21/24
Lupe Fiasco,Friend of the People: I Fight Evil,2011,Mixtape,55,1/15/24
Kid Cudi,INSANO,2024,LP,40,1/14/24
21 Savage,american dream,2024,LP,60,1/12/24
The Notorious B.I.G.,Ready to Die,1994,LP,80,1/10/24
The Game & Big Hit,Paisley Dreams,2024,LP,69,1/9/24
Logic,The Incredible True Story,2015,LP,70,12/31/23
Nas,Life is Good,2012,LP,81,12/30/23
Rick Ross,Rather You Than Me,2017,LP,72,12/29/23
Lil Uzi Vert,Luv Is Rage,2015,Mixtape,78,12/28/23
Lil Uzi Vert,Lil Uzi Vert vs. The World,2016,Mixtape,70,12/26/23
The Roots,undun,2011,LP,76,12/25/23
38 Spesh & Conway the Machine,Speshal Machinery,2023,LP,76,12/24/23
Conway the Machine & Wun Two,Palermo,2023,LP,48,12/23/23
Kenny Mason,Angelic Hoodrat: Supercut,2021,LP,72,12/21/23
Kenny Mason,Angelic Hoodrat,2020,LP,71,12/21/23
Young Money,Rise of an Empire,2014,LP,70,12/19/23
Sampha,Lahai,2023,LP,76,12/16/23
McKinley Dixon,Beloved! Paradise! Jazz​!​?,2023,LP,49,12/15/23
Earl Sweatshirt & The Alchemist,Voir Dire,2023,LP,62,12/10/23
Danny Brown,Quaranta,2023,LP,43,12/9/23
Nicki Minaj,Pink Friday 2,2023,LP,84,12/8/23
Kenny Mason,Highway 9,2023,EP,73,12/6/23
PRhyme,PRhyme,2014,LP,78,12/5/23
Bryson Tiller,A N N I V E R S A R Y,2020,LP,68,12/4/23
Bryson Tiller,T R A P S O U L,2015,LP,78,12/3/23
Clipse,Hell Hath No Fury,2006,LP,74,11/30/23
André 3000,New Blue Sun,2023,LP,60,11/29/23
Lakeyah,My Time,2021,Mixtape,72,11/28/23
Devon Hendryx,THE GHOST~POP TAPE,2013,LP,50,11/27/23
Various Artists,Barbie The Album,2023,Soundtrack,63,11/25/23
Tory Lanez,Alone At Prom (Deluxe),2023,Reissue,50,11/21/23
Young Thug & Future,Super Slimey,2017,Mixtape,50,11/20/23
E-40,Rule of Thumb: Rule 1,2023,LP,52,11/17/23
Drake,For All The Dogs Scary Hours Edition,2023,Reissue,72,11/17/23
Lil Wayne & 2 Chainz,Welcome 2 Collegrove,2023,LP,80,11/17/23
Travis Scott,Owl Pharaoh,2013,Mixtape,58,11/14/23
YoungBoy Never Broke Again,Decided 2,2023,Mixtape,70,11/13/23
Lola Brooke,Dennis Daughter,2023,LP,40,11/12/23
Rick Ross & Meek Mill,Too Good To Be True,2023,LP,80,11/10/23
PinkPantheress,Heaven knows,2023,LP,79,11/10/23
PinkPantheress,to hell with it,2021,Mixtape,73,11/9/23
B.o.B,B.o.B Presents: The Adventures of Bobby Ray,2010,LP,77,11/8/23
Daft Punk,Random Access Memories,2013,LP,80,11/7/23
LUCKI,Freewave 3,2019,Mixtape,68,11/6/23
Doja Cat,Purrr!,2014,EP,70,11/4/23
Benny the Butcher,Tana Talk 3,2018,LP,77,11/3/23
Brent Faiyaz,Larger Than Life,2023,Mixtape,70,11/2/23
Nicki Minaj,Beam Me Up Scotty,2009,Mixtape,80,10/31/23
Boldy James & The Alchemist,Bo Jackson,2021,LP,70,10/30/23
Wiz Khalifa,Burn After Rolling,2009,Mixtape,76,10/29/23
Jalisa Rey,Mixy,2023,EP,80,10/28/23
Royce da 5'9'',The Bar Exam 4,2017,Mixtape,82,10/28/23
Chxrry,Siren,2023,EP,78,10/27/23
Slayyyter,STARFUCKER,2023,LP,76,10/26/23
Lupe Fiasco,Enemy of the State: A Love Story,2009,Mixtape,60,10/25/23
Chief Keef,4NEM,2021,LP,72,10/24/23
Lil Uzi Vert,The Perfect LUV Tape ®,2016,Mixtape,68,10/23/23
Chief Keef,Almighty So,2013,Mixtape,80,10/22/23
Naomi Sharon,Obsidian,2023,LP,76,10/20/23
Steve Lacy,Gemini Rights,2022,LP,74,10/19/23
"The Weeknd, Lily-Rose Depp & Suzanna Son",The Idol Episode 5 Part 2 (Music from the HBO Original Series),2023,Soundtrack,77,10/17/23
"The Weeknd, Lil Baby & Suzanna Son",The Idol Episode 5 Part 1 (Music from the HBO Original Series),2023,Soundtrack,81,10/17/23
"The Weeknd, JENNIE & Lily-Rose Depp",The Idol Episode 4 (Music from the HBO Original Series),2023,Soundtrack,82,10/17/23
The Weeknd & Moses Sumney,The Idol Episode 3 (Music from the HBO Original Series),2023,Soundtrack,73,10/17/23
"The Weeknd, MIKE DEAN & Suzanna Son",The Idol Episode 2 (Music from the HBO Original Series),2023,Soundtrack,80,10/17/23
"The Weeknd, MIKE DEAN & Lily-Rose Depp",The Idol Episode 1 (Music from the HBO Original Series),2023,Soundtrack,78,10/17/23
Westside Gunn,And Then You Pray For Me,2023,LP,24,10/16/23
Ken Carson,A Great Chaos,2023,LP,30,10/15/23
Hit-Boy & Big Sean,What You Expect,2021,EP,65,10/14/23
Pusha T,My Name Is My Name,2013,LP,78,10/11/23
Drake,For All The Dogs,2023,LP,82,10/6/23
Rick Ross,Deeper Than Rap,2009,LP,75,10/3/23
Don Toliver,Heaven Or Hell,2020,LP,77,10/2/23
Jorja Smith,falling or flying,2023,LP,78,9/30/23
Lil Wayne,Tha Fix Before Tha VI,2023,Mixtape,62,9/29/23
Cardi B,Invasion of Privacy,2018,LP,50,9/28/23
Westside Gunn,Pray for Paris,2020,LP,46,9/27/23
Lil Tecca,TEC,2023,LP,73,9/26/23
Bakar,Halo,2023,LP,64,9/25/23
Doja Cat,Scarlet,2023,LP,83,9/22/23
Kaelin Ellis & Lupe Fiasco,HOUSE,2020,EP,72,9/19/23
Logic,Under Pressure,2014,LP,79,9/18/23
Nas,Magic 3,2023,LP,57,9/15/23
Tinashe,BB/ANG3L,2023,LP,80,9/13/23
Mount Westmore,SNOOP CUBE 40 $HORT,2022,LP,50,9/12/23
50 Cent,Curtis,2007,LP,47,9/11/23
Teezo Touchdown,How Do You Sleep At Night?,2023,LP,28,9/9/23
Olivia Rodrigo,GUTS,2023,LP,80,9/7/23
Beyoncé,B'Day,2006,LP,70,9/6/23
Victoria Monét,JAGUAR II,2023,LP,75,9/2/23
Dr. Dre,Compton,2015,LP,82,8/31/23
Lupe Fiasco,Pharaoh Height 2/30,2015,Mixtape,68,8/27/23
PARTYNEXTDOOR,Seven Days,2017,EP,64,8/22/23
BIA,REALLY HER,2023,EP,72,8/22/23
Quavo,Rocket Power,2023,LP,76,8/22/23
PARTYNEXTDOOR,PARTYPACK,2020,EP,70,8/22/23
PARTYNEXTDOOR,COLOURS 2,2017,EP,69,8/16/23
PARTYNEXTDOOR,COLOURS,2014,EP,77,8/16/23
PARTYNEXTDOOR,PARTYMOBILE,2020,LP,68,8/16/23
PARTYNEXTDOOR,PARTYNEXTDOOR 3 (P3),2016,LP,86,8/15/23
PARTYNEXTDOOR,PARTYNEXTDOOR TWO,2014,LP,88,8/6/23
Lady Gaga,The Fame Monster,2009,EP,78,8/5/23
Post Malone,AUSTIN,2023,LP,42,7/31/23
Carly Rae Jepsen,The Loveliest Time,2023,LP,70,7/29/23
Travis Scott,UTOPIA,2023,LP,86,7/28/23
King Von,Grandson,2023,LP,70,7/24/23
Babyface Ray,Summer's Mine,2023,LP,75,7/22/23
Nas,Magic 2,2023,LP,72,7/21/23
[prcy®],RBXRR V (RBVRR) Presents: Act II - Continuance,2023,LP,75,7/19/23
DDG,Maybe It's Me...,2023,LP,20,7/17/23
Lil Tjay,222,2023,LP,70,7/14/23
Chief Keef,Finally Rich,2012,LP,77,7/12/23
PARTYNEXTDOOR,PARTYNEXTDOOR,2013,Mixtape,82,7/9/23
N.W.A.,Straight Outta Compton,1988,LP,75,7/8/23
LUCKI,s*x m*ney dr*gs,2023,LP,76,7/7/23
Dr. Dre,2001,1999,LP,75,7/6/23
KayCyy,TW2052,2023,LP,67,7/4/23
Wiz Khalifa,Rolling Papers,2011,LP,80,7/2/23
Lil Uzi Vert,Pink Tape,2023,LP,80,6/30/23
A$AP Ferg,Trap Lord,2013,LP,59,6/28/23
Dr. Dre,The Chronic,1992,LP,81,6/27/23
Rick Ross,Trilla,2008,LP,76,6/26/23
Young Thug,BUSINESS IS BUSINESS,2023,LP,52,6/23/23
Dave & Central Cee,Split Decision,2023,EP,66,6/21/23
Wiz Khalifa,Kush & Orange Juice,2010,Mixtape,78,6/17/23
Killer Mike,MICHAEL,2023,LP,67,6/17/23
Kiana Ledé,GRUDGES,2023,LP,75,6/17/23
Gunna,a Gift & a Curse,2023,LP,70,6/16/23
T.I.,Trap Muzik,2003,LP,80,6/15/23
Doe Boy,BEEZY,2023,LP,60,6/9/23
Jorja Smith,Lost & Found,2018,LP,80,6/8/23
Kacey Musgraves,Golden Hour,2018,LP,78,6/8/23
Kenny Mason,6,2023,EP,80,6/6/23
Metro Boomin,METRO BOOMIN PRESENTS SPIDER-MAN: ACROSS THE SPIDER-VERSE (SOUNDTRACK FROM AND INSPIRED BY THE MOTION PICTURE),2023,Soundtrack,70,6/2/23
2 Chainz,Pretty Girls Like Trap Music,2017,LP,77,6/1/23
Royce da 5'9'',Layers,2016,LP,72,5/29/23
Teyana Taylor,K.T.S.E.,2018,LP,74,5/28/23
KAYTRAMINÉ,KAYTRAMINÉ,2023,LP,73,5/27/23
Lil Durk,Almost Healed,2023,LP,40,5/26/23
E-40,My Ghetto Report Card,2006,LP,71,5/25/23
David Bowie,The Man Who Sold the World,1970,LP,70,5/21/23
Conway the Machine,WON'T HE DO IT,2023,LP,45,5/19/23
Lupe Fiasco,Food & Liquor II: The Great American Rap Album Pt. 1,2012,LP,50,5/17/23
Lupe Fiasco,DROGAS WAVE,2018,LP,80,5/17/23
Lupe Fiasco,DROGAS Light,2017,LP,70,5/16/23
Nas,I Am...,1999,LP,45,5/16/23
YoungBoy Never Broke Again,Richest Opp,2023,Mixtape,50,5/13/23
Lupe Fiasco,Tetsuo & Youth,2015,LP,100,5/9/23
Armani White,ROAD TO CASABLANCO.,2023,EP,29,5/5/23
Destroy Lonely,If Looks Could Kill,2023,LP,46,5/5/23
FKA twigs,LP1,2014,LP,74,5/1/23
Ab-Soul,Herbert,2022,LP,71,5/1/23
Jessie Ware,That! Feels Good!,2023,LP,75,4/30/23
MIKE DEAN,4:23,2023,LP,60,4/29/23
Jack Harlow,Jackman.,2023,LP,70,4/28/23
HXG,Snot or Not,2023,LP,52,4/28/23
HXG,Homixide Lifestyle,2022,LP,41,4/27/23
Rick Ross,Mastermind,2014,LP,80,4/26/23
Lloyd Banks,The Course of the Inevitable 3: Pieces of My Pain,2023,LP,75,4/24/23
Lloyd Banks,The Course of the Inevitable 2,2022,LP,74,4/24/23
redveil,playing w/ fire,2023,EP,29,4/21/23
Swizz Beatz,"Hip Hop 50, Vol. 2",2023,EP,41,4/21/23
YoungBoy Never Broke Again,Don't Try This At Home,2023,LP,73,4/21/23
Rick Ross,"God Forgives, I Don't",2012,LP,78,4/20/23
Nas,NASIR,2018,LP,50,4/20/23
50 Cent,The Massacre,2005,LP,80,4/15/23
Nas,It Was Written,1996,LP,78,4/14/23
Ellie Goulding,Higher Than Heaven,2023,LP,63,4/12/23
Rick Ross,Rich Forever,2012,Mixtape,78,4/12/23
Bakar,Nobody's Home,2022,LP,70,4/11/23
Rick Ross,Teflon Don,2010,LP,84,4/8/23
Daniel Caesar,NEVER ENOUGH,2023,LP,73,4/7/23
YoungBoy Never Broke Again,"Still Flexin, Still Steppin",2020,Mixtape,73,4/6/23
Navy Blue,Ways of Knowing,2023,LP,66,4/3/23
FKA twigs,MAGDALENE,2019,LP,82,3/31/23
"Tyler, The Creator",CALL ME IF YOU GET LOST: The Estate Sale,2023,Reissue,64,3/31/23
DJ Drama,I'm Really Like That,2023,LP,73,3/31/23
Beach House,Once Twice Melody,2022,LP,80,3/27/23
6LACK,Since I Have A Lover,2023,LP,66,3/26/23
JPEGMAFIA & Danny Brown,SCARING THE HOES,2023,LP,8,3/24/23
Lana Del Rey,Did you know that there's a tunnel under Ocean Blvd,2023,LP,78,3/24/23
Lil Pump,Lil Pump 2,2023,LP,20,3/23/23
Bakar,Badkid,2018,LP,72,3/17/23
EST Gee,MAD,2023,Mixtape,59,3/17/23
A$AP Rocky,LONG.LIVE.A$AP (Deluxe),2013,Reissue,69,3/15/23
Lupe Fiasco,Lasers,2011,LP,54,3/15/23
Daniel Caesar,Pilgrim's Paradise,2015,EP,69,3/10/23
Blxst,Just For Clarity 2,2023,EP,70,3/10/23
Miley Cyrus,Endless Summer Vacation,2023,LP,75,3/10/23
Kali Uchis,Red Moon In Venus,2023,LP,70,3/3/23
Kenny Mason,3,2023,EP,72,3/3/23
Don Toliver,Love Sick (Deluxe),2023,Reissue,50,2/28/23
Young Nudy,Gumbo,2023,LP,70,2/28/23
Ariana Grande,Positions,2020,LP,72,2/26/23
Logic,College Park,2023,LP,35,2/25/23
Don Toliver,Love Sick,2023,LP,72,2/24/23
Yeat,AftërLyfe,2023,LP,21,2/23/23
Young Thug,Slime Season,2015,Mixtape,45,2/22/23
Sam Smith,Gloria,2023,LP,28,2/18/23
RAYE,My 21st Century Blues,2023,LP,64,2/17/23
Ava Max,Diamonds & Dancefloors,2023,LP,60,2/11/23
Shy Glizzy,Flowers,2023,LP,34,2/11/23
Paramore,This Is Why,2023,LP,76,2/11/23
Future,Honest (Deluxe),2014,Reissue,70,2/4/23
Lil Yachty,Let's Start Here.,2023,LP,54,1/29/23
21 Lil Harold,After The Curse,2023,LP,50,1/29/23
Beyoncé,I AM...SASHA FIERCE,2008,LP,68,1/28/23
Rihanna,ANTI (Deluxe),2016,Reissue,64,1/28/23
Trippie Redd,MANSION MUSIK,2023,LP,15,1/21/23
Ice Spice,Like..?,2023,EP,70,1/20/23
French Montana & DJ Drama,Coke Boys 6,2023,Mixtape,44,1/15/23
BabyTron,Bin Reaper 3: New Testament,2023,LP,52,1/13/23
BabyTron,Bin Reaper 3: Old Testament,2022,LP,38,1/10/23
BabyTron,Megatron,2022,LP,33,1/10/23
G Herbo,Survivor's Remorse: B Side,2022,LP,60,1/8/23
G Herbo,Survivor's Remorse: A Side,2022,LP,75,1/8/23
Yeat,Lyfë,2022,EP,40,1/8/23
Rome Streetz,KISS THE RING,2022,LP,66,1/7/23
Yeat,2 Alivë,2022,LP,18,1/6/23
Shenseea,ALPHA,2022,LP,56,1/6/23
YoungBoy Never Broke Again,I Rest My Case,2023,LP,67,1/6/23
YoungBoy Never Broke Again,Ma' I Got A Family,2022,Mixtape,67,1/6/23
Babyface Ray,MOB,2022,LP,68,1/5/23
Young Nudy,EA Monster,2022,Mixtape,70,1/5/23
Little Simz,NO THANK YOU,2022,LP,70,1/4/23
Dreezy & Hit-Boy,HITGIRL,2022,LP,75,1/4/23
The Game,Drillmatic: Heart vs. Mind,2022,LP,27,1/3/23
Joey Bada$$,2000,2022,LP,68,1/2/23
redveil,learn 2 swim,2022,LP,45,1/2/23
Megan Thee Stallion,Traumazine,2022,LP,64,1/2/23
Kenny Mason,RUFFS,2022,Mixtape,75,1/2/23
Destroy Lonely,NO STYLIST,2022,Mixtape,17,1/1/23
Nas,King's Disease III,2022,LP,72,12/31/22
Black Thought & Danger Mouse,Cheat Codes,2022,LP,75,12/25/22
Lupe Fiasco,DRILL MUSIC IN ZION,2022,LP,86,12/25/22
DJ Khaled,Major Key,2016,LP,74,12/20/22
FKA twigs,CAPRISONGS,2022,Mixtape,78,12/19/22
Ariana Grande,Yours Truly,2013,LP,76,12/13/22
Lancey Foux,LIFE IN HELL,2022,LP,37,12/11/22
Beyoncé,BEYONCÉ [Platinum Edition],2014,Reissue,76,12/11/22
Beyoncé,BEYONCÉ,2013,LP,78,12/11/22
SZA,SOS,2022,LP,84,12/8/22
SZA,Ctrl (Deluxe),2022,Reissue,69,12/8/22
Metro Boomin,HEROES & VILLAINS,2022,LP,72,12/2/22
Ariana Grande,My Everything,2014,LP,75,11/28/22
Ariana Grande,"thank u, next",2019,LP,80,11/26/22
Meek Mill,FLAMERZ 5,2022,Mixtape,67,11/25/22
Lana Del Rey,Blue Banisters,2021,LP,75,11/25/22
Lana Del Rey,Chemtrails Over the Country Club,2021,LP,75,11/24/22
Meek Mill,Championships,2018,LP,75,11/24/22
TiaCorine,I Can't Wait,2022,LP,55,11/23/22
Roddy Ricch,Please Excuse Me for Being Antisocial,2019,LP,76,11/23/22
Roddy Ricch,Feed Tha Streets III,2022,Mixtape,62,11/23/22
GloRilla,"Anyways, Life’s Great…",2022,EP,68,11/11/22
Obongjayar,Some Nights I Dream of Doors,2022,LP,70,11/8/22
Lana Del Rey,Norman Fucking Rockwell!,2019,LP,80,11/6/22
Drake & 21 Savage,Her Loss,2022,LP,80,11/4/22
Baby Keem,The Melodic Blue (Deluxe),2022,Reissue,20,10/28/22
Lana Del Rey,Lust for Life,2017,LP,75,10/27/22
Lana Del Rey,Honeymoon,2015,LP,80,10/27/22
Lana Del Rey,Ultraviolence,2014,LP,85,10/27/22
Lana Del Rey,Paradise,2012,EP,68,10/26/22
Lana Del Rey,Born to Die,2012,LP,83,10/26/22
Carly Rae Jepsen,The Loneliest Time,2022,LP,74,10/22/22
Taylor Swift,1989,2014,LP,73,10/21/22
Taylor Swift,Midnights,2022,LP,50,10/19/22
Lil Baby,It's Only Me,2022,LP,39,10/15/22
Lil Baby,My Turn,2020,LP,41,10/14/22
Quavo & Takeoff,Only Built For Infinity Links,2022,LP,61,10/7/22
YoungBoy Never Broke Again,3800 Degrees,2022,Mixtape,66,10/7/22
Chxrry,The Other Side,2022,EP,86,10/3/22
Denzel Curry,Melt My Eyez See Your Future (The Extended Edition),2022,Reissue,75,10/1/22
Tory Lanez,Sorry 4 What,2022,LP,68,9/30/22
Kid Cudi,Entergalactic,2022,LP,30,9/30/22
Freddie Gibbs,$oul $old $eparately,2022,LP,75,9/30/22
T.I.,Paper Trail,2008,LP,80,9/26/22
NAV,NAV,2017,Mixtape,37,9/25/22
NAV,Demons Protected By Angels,2022,LP,28,9/25/22
T.I.,King,2006,LP,80,9/23/22
Rina Sawayama,Hold the Girl,2022,LP,71,9/20/22
ScHoolboy Q,CrasH Talk,2019,LP,69,9/19/22
ScHoolboy Q,Blank Face LP,2016,LP,78,9/18/22
Ariana Grande,Dangerous Woman,2016,LP,80,9/16/22
Metro Boomin,NOT ALL HEROES WEAR CAPES,2018,LP,73,9/16/22
"21 Savage, Offset & Metro Boomin",Without Warning,2017,LP,69,9/16/22
Ariana Grande,Sweetener,2018,LP,80,9/16/22
Carly Rae Jepsen,E•MO•TION: Side B,2016,EP,75,9/16/22
Carly Rae Jepsen,E•MO•TION,2015,LP,73,9/16/22
Beyoncé,4,2011,LP,63,9/8/22
Beyoncé,Lemonade,2016,LP,80,9/1/22
JID,The Forever Story,2022,LP,75,8/31/22
DJ Khaled,GOD DID,2022,LP,65,8/28/22
YoungBoy Never Broke Again,Colors,2022,Mixtape,68,8/11/22
YoungBoy Never Broke Again,Top,2020,LP,55,8/10/22
Beyoncé,RENAISSANCE,2022,LP,84,7/27/22
Lil Uzi Vert,Red & White 🔴 ⚪,2022,EP,76,7/22/22
Lil Uzi Vert,Luv Is Rage 2,2017,LP,72,7/19/22
DJ Premier,"Hip Hop 50, Vol. 1",2022,EP,78,7/18/22
Michael Jackson,Thriller,1982,LP,82,7/14/22
Frank Ocean,channel ORANGE,2012,LP,37,7/11/22
GIVĒON,Give or Take,2022,LP,70,7/10/22
French Montana & Harry Fraud,Montega,2022,LP,55,7/10/22
Roddy Ricch,The Big 3,2022,EP,41,7/9/22
WESTSIDE BOOGIE,More Black Superheroes,2022,LP,73,7/9/22
Logic,Vinyl Days,2022,LP,67,7/8/22
Ken Carson,X,2022,LP,15,7/7/22
Brent Faiyaz,WASTELAND,2022,LP,71,7/6/22
Drake," Honestly, Nevermind",2022,LP,87,6/17/22
Vory,Lost Souls,2022,LP,46,6/13/22
Lupe Fiasco,Lupe Fiasco's The Cool,2007,LP,93,6/11/22
070 Shake,You Can't Kill Me,2022,LP,72,6/4/22
Post Malone,Twelve Carat Toothache,2022,LP,44,6/3/22
A$AP Rocky,TESTING,2018,LP,63,5/30/22
A$AP Rocky,LONG.LIVE.A$AP,2013,LP,80,5/29/22
A$AP Rocky,LIVE.LOVE.A$AP,2011,Mixtape,80,5/29/22
Eminem,The Eminem Show (Expanded Edition),2022,Reissue,77,5/26/22
Young Thug,Barter 6,2015,Mixtape,43,5/17/22
Big Sean,I Decided.,2017,LP,70,5/15/22
Kendrick Lamar,Mr. Morale & The Big Steppers,2022,LP,91,5/13/22
Tanna Leone,Sleepy Soldier,2022,LP,62,5/9/22
Juice WRLD & Future,Future & Juice WRLD Present... WRLD ON DRUGS,2018,Mixtape,70,5/9/22
Juice WRLD,Goodbye & Good Riddance,2018,LP,78,5/9/22
Nipsey Hussle,Victory Lap,2018,LP,72,5/9/22
Polo G,Die a Legend,2019,LP,69,5/8/22
Jack Harlow,Come Home The Kids Miss You,2022,LP,40,5/6/22
Jack Harlow,Thats What They All Say,2020,LP,47,5/5/22
Doja Cat,Amala,2018,LP,80,5/5/22
Polo G,Hall of Fame 2.0,2021,Reissue,60,5/5/22
Future,I NEVER LIKED YOU [Deluxe],2022,Reissue,65,5/3/22
Big Sean,Dark Sky Paradise,2015,LP,80,4/29/22
Future, I NEVER LIKED YOU,2022,LP,84,4/29/22
Weiland,Vices,2022,LP,67,4/24/22
Harry Styles,Harry's House,2022,LP,70,4/21/22
Pusha T,It's Almost Dry,2022,LP,73,4/18/22
The Weeknd,Trilogy,2012,Compilation,92,4/14/22
Rina Sawayama,SAWAYAMA,2020,LP,79,4/14/22
billy woods,Aethiopes,2022,LP,58,4/12/22
"Big K.R.I.T., Wiz Khalifa, Girl Talk & Smoke DZA",Full Court Press,2022,LP,72,4/9/22
Coi Leray,Trendsetter,2022,LP,29,4/8/22
42 Dugg & EST Gee,Last Ones Left,2022,Mixtape,61,4/8/22
Fivio Foreign,B.I.B.L.E.,2022,LP,49,4/8/22
Vince Staples,RAMONA PARK BROKE MY HEART,2022,LP,75,4/8/22
Vince Staples,Vince Staples,2021,LP,70,4/7/22
Vince Staples,FM!,2018,LP,70,4/6/22
Vince Staples,Big Fish Theory,2017,LP,78,4/6/22
Vince Staples,Summertime '06,2015,LP,66,4/5/22
Dreamville,D-Day: A Gangsta Grillz Mixtape,2022,Mixtape,68,3/31/22
Denzel Curry,32 Zel / Planet Shrooms,2015,EP,74,3/31/22
Charli xcx,CRASH,2022,LP,71,3/30/22
Charli xcx,Pop 2,2017,Mixtape,76,3/30/22
Charli xcx,Charli,2019,LP,69,3/30/22
mgk,mainstream sellout,2022,LP,10,3/30/22
Denzel Curry,13,2017,EP,76,3/29/22
Juice WRLD,Death Race For Love,2019,LP,48,3/29/22
Latto,777,2022,LP,51,3/26/22
Nigo,I Know NIGO!,2022,LP,41,3/25/22
Denzel Curry,Melt My Eyez See Your Future,2022,LP,72,3/24/22
2 Chainz,Rap or Go to the League,2019,LP,70,3/23/22
Drake,Care Package,2019,Compilation,84,3/23/22
Denzel Curry,Imperial,2016,LP,87,3/22/22
Little Simz,GREY Area,2019,LP,79,3/22/22
EARTHGANG,Mirrorland,2019,LP,71,3/22/22
ROSALÍA,MOTOMAMI,2022,LP,71,3/21/22
A$AP Rocky,AT.LONG.LAST.A$AP,2015,LP,86,3/18/22
Kenneth Blume & Rico Nasty,Anger Management,2019,Mixtape,72,3/17/22
Lil Durk,7220,2022,LP,44,3/17/22
Mac Miller,Swimming,2018,LP,71,3/14/22
KayCyy,TW20 50,2022,EP,57,3/11/22
Benny the Butcher,Tana Talk 4,2022,LP,67,3/11/22
King Von,What It Means To Be King,2022,LP,60,3/10/22
DaBaby & YoungBoy Never Broke Again,BETTER THAN YOU,2022,Mixtape,32,3/8/22
EARTHGANG,GHETTO GODS,2022,LP,62,3/7/22
Cordae,From a Birds Eye View,2022,LP,50,3/2/22
The Alchemist & Curren$y,Continuance,2022,LP,72,2/28/22
Conway the Machine,God Don't Make Mistakes,2022,LP,76,2/26/22
Conway the Machine,Greetings Earthlings,2022,Mixtape,75,2/26/22
Babyface Ray,FACE,2022,LP,36,2/20/22
The Weeknd,Kiss Land,2013,LP,100,2/19/22
Young Thug,So Much Fun,2019,LP,41,2/15/22
2 Chainz,Dope Don't Sell Itself,2022,LP,63,2/10/22
"Black Country, New Road",Ants From Up There,2022,LP,20,2/10/22
Mitski,Laurel Hell,2022,LP,67,2/10/22
Saba,Few Good Things,2022,LP,61,2/9/22
Migos,Culture,2017,LP,76,1/27/22
My Chemical Romance,The Black Parade,2006,LP,75,1/25/22
Lil Wayne,Tha Carter II,2005,LP,100,1/24/22
Lil Wayne,Sorry 4 The Wait (Reissue),2022,Reissue,52,1/22/22
Gunna,DS4EVER,2022,LP,49,1/21/22
Lil Wayne,FWA,2015,LP,100,1/20/22
Metro Boomin & 21 Savage,Savage Mode,2016,Mixtape,28,1/20/22
Big K.R.I.T.,4eva Is a Mighty Long Time,2017,LP,69,1/20/22
Future,Monster,2014,Mixtape,94,1/20/22
Future,DS2,2015,LP,100,1/19/22
Earl Sweatshirt,SICK!,2022,LP,42,1/19/22
Gunna,WUNNA,2020,LP,52,1/18/22
Denzel Curry,13LOOD 1N + 13LOOD OUT MIXX,2020,DJ Mix,72,1/18/22
Polo G,THE GOAT,2020,LP,62,1/18/22
Pop Smoke,"Shoot for the Stars, Aim for the Moon",2020,LP,29,1/17/22
Big Sean,Detroit 2,2020,LP,63,1/17/22
Lil Wayne,Funeral,2020,LP,80,1/17/22
Logic,No Pressure,2020,LP,72,1/17/22
Dua Lipa,Future Nostalgia,2020,LP,83,1/16/22
Juice WRLD,Legends Never Die,2020,LP,47,1/15/22
Nas,King's Disease,2020,LP,60,1/15/22
Lil Uzi Vert,Eternal Atake (Deluxe) - LUV vs. The World 2,2020,Reissue,73,1/14/22
Lil Uzi Vert,Eternal Atake,2020,LP,70,1/14/22
Jay Electronica,A Written Testimony,2020,LP,40,1/13/22
Lil Uzi Vert & Future,Pluto x Baby Pluto,2020,LP,44,1/13/22
Metro Boomin & 21 Savage,SAVAGE MODE II,2020,LP,80,1/13/22
Kenneth Blume & Denzel Curry,UNLOCKED,2020,EP,74,1/12/22
Mac Miller,Circles,2020,LP,35,1/12/22
SZA,Ctrl,2017,LP,80,1/10/22
The Weeknd,Starboy,2016,LP,86,1/10/22
Frank Ocean,Blonde,2016,LP,30,1/9/22
The Weeknd,After Hours,2020,LP,100,1/8/22
The Weeknd,Dawn FM,2022,LP,82,1/7/22
Little Simz,Sometimes I Might Be Introvert,2021,LP,78,1/2/22
Tech N9ne,ASIN9NE,2021,LP,41,1/2/22
J. Cole,The Off-Season,2021,LP,78,1/2/22
Rihanna,ANTI,2016,LP,87,12/30/21
Rihanna,Unapologetic,2012,LP,78,12/29/21
Rihanna,Talk That Talk,2011,LP,85,12/29/21
Rihanna,Loud,2010,LP,93,12/29/21
Rihanna,Rated R,2009,LP,100,12/28/21
Rihanna,Good Girl Gone Bad: Reloaded,2008,Reissue,77,12/28/21
Rihanna,Good Girl Gone Bad,2007,LP,84,12/28/21
Rihanna,A Girl Like Me,2006,LP,70,12/27/21
Rihanna,Music of the Sun,2005,LP,60,12/27/21
Kanye West,Graduation,2007,LP,91,12/26/21
Kanye West,Yeezus,2013,LP,39,12/25/21
Drake,Nothing Was the Same,2013,LP,87,12/25/21
Kanye West,Late Registration,2005,LP,85,12/25/21
Kanye West,The College Dropout,2004,LP,85,12/25/21
Nas,Magic,2021,LP,75,12/24/21
Baby Keem,The Melodic Blue,2021,LP,33,12/23/21
The Weeknd,Echoes Of Silence,2011,Mixtape,87,12/22/21
The Weeknd,House Of Balloons,2011,Mixtape,92,12/22/21
Future,EVOL,2016,LP,80,12/20/21
Drake,Certified Lover Boy,2021,LP,58,12/20/21
The Weeknd,"My Dear Melancholy,",2018,EP,88,12/19/21
The Weeknd,Thursday,2011,Mixtape,96,12/19/21
Tory Lanez,Alone At Prom,2021,LP,44,12/17/21
Roddy Ricch,LIVE LIFE FAST,2021,LP,66,12/17/21
The Weeknd,Beauty Behind The Madness,2015,LP,90,12/16/21
DJ Drama & Lil Wayne,Dedication 6,2017,Mixtape,87,12/15/21
Lil Wayne,Tha Carter V,2018,LP,95,12/15/21
Lil Wayne,Da Drought 3,2007,Mixtape,88,12/15/21
Lauryn Hill,The Miseducation of Lauryn Hill,1998,LP,80,12/14/21
Nas,Illmatic,1994,LP,80,12/14/21
Doja Cat,Planet Her,2021,LP,81,12/10/21
Eminem,Music to Be Murdered By - Side B,2020,Reissue,38,12/10/21
Eminem,Music to Be Murdered By,2020,LP,91,12/9/21
Eminem,Kamikaze,2018,LP,82,12/9/21
Eminem,Revival,2017,LP,70,12/8/21
Various Artists,SHADYXV,2014,Compilation,70,12/8/21
Eminem,The Marshall Mathers LP2,2013,LP,88,12/7/21
Bad Meets Evil,Hell: The Sequel,2011,EP,93,12/7/21
Eminem,Recovery,2010,LP,100,12/6/21
Eminem,Relapse: Refill,2009,Reissue,62,12/6/21
Eminem,The Slim Shady LP,1999,LP,80,12/6/21
Eminem,Relapse,2009,LP,65,12/6/21
Various Artists,Eminem Presents: The Re-Up,2006,Compilation,25,12/5/21
Eminem,Encore,2004,LP,27,12/5/21
D12,D12 World,2004,LP,39,12/4/21
Various Artists,8 Mile (Music From and Inspired by the Motion Picture),2002,Soundtrack,62,12/4/21
Eminem,The Eminem Show,2002,LP,85,12/4/21
D12,Devil's Night,2001,LP,65,12/3/21
Eminem,The Marshall Mathers LP,2000,LP,97,12/2/21
Eminem,Slim Shady EP,1997,EP,69,12/2/21
Eminem,Infinite,1996,LP,62,12/2/21
Lupe Fiasco,Lupe Fiasco's Food & Liquor,2006,LP,80,12/1/21
Doja Cat,Hot Pink,2019,LP,84,11/30/21
Royce da 5'9'',The Allegory,2020,LP,59,11/30/21
"Tyler, The Creator",CALL ME IF YOU GET LOST,2021,LP,74,11/29/21
"Tyler, The Creator",IGOR,2019,LP,50,11/29/21
"Tyler, The Creator",Flower Boy,2017,LP,70,11/29/21
"Tyler, The Creator",Cherry Bomb,2015,LP,65,11/29/21
"Tyler, The Creator",Wolf,2013,LP,39,11/29/21
"Tyler, The Creator",Goblin,2011,LP,34,11/29/21
"Tyler, The Creator",Bastard,2009,LP,31,11/28/21
Run The Jewels,RTJ4,2020,LP,60,11/25/21
Run The Jewels,Run The Jewels 3,2016,LP,53,11/25/21
Run The Jewels,Run The Jewels 2,2014,LP,51,11/25/21
Run The Jewels,Run The Jewels,2013,LP,47,11/24/21
Royce da 5'9'',Book of Ryan,2018,LP,78,11/23/21
MF DOOM,Born Like This,2009,LP,70,11/23/21
MF DOOM,MM..FOOD,2004,LP,75,11/23/21
Madvillain,Madvillainy,2004,LP,70,11/23/21
Viktor Vaughn,Vaudeville Villain,2003,LP,77,11/22/21
Playboi Carti,Whole Lotta Red,2020,LP,74,11/22/21
Playboi Carti,Die Lit,2018,LP,21,11/22/21
Playboi Carti,Playboi Carti,2017,Mixtape,71,11/22/21
The Alchemist & Freddie Gibbs,Alfredo,2020,LP,75,11/21/21
Madlib & Freddie Gibbs,Bandana,2019,LP,76,11/21/21
Madlib & Freddie Gibbs,Piñata,2014,LP,73,11/21/21
2 Chainz,COLLEGROVE,2016,LP,68,11/20/21
Danny Brown,Atrocity Exhibition,2016,LP,75,11/19/21
Danny Brown,XXX,2011,Mixtape,42,11/19/21
Denzel Curry,ZUU,2019,LP,84,11/18/21
Earl Sweatshirt,Some Rap Songs,2018,LP,27,11/18/21
Pusha T,DAYTONA,2018,LP,85,11/18/21
Future,HNDRXX,2017,LP,90,11/17/21
Drake,Take Care,2011,LP,91,11/15/21
Kanye West,The Life of Pablo,2016,LP,79,11/15/21
Kanye West,Donda (Deluxe),2021,Reissue,44,11/15/21
Various Artists,Kanye West Presents: GOOD Music - Cruel Summer,2012,Compilation,51,11/12/21
Silk Sonic,An Evening With Silk Sonic,2021,LP,68,11/12/21
Travis Scott,Days Before Rodeo,2014,Mixtape,67,11/10/21
Future,High Off Life,2020,LP,68,11/8/21
Future,Future Hndrxx Presents: The WIZRD,2019,LP,85,11/8/21
50 Cent,Get Rich or Die Tryin',2003,LP,86,11/8/21
Drake,If You're Reading This It's Too Late,2015,Mixtape,92,11/6/21
Future & Drake,What a Time to Be Alive,2015,Mixtape,90,11/2/21
DJ Esco & Future,56 Nights,2015,Mixtape,85,11/2/21
Travis Scott,Rodeo,2015,LP,87,11/1/21
Travis Scott,Birds In The Trap Sing McKnight,2016,LP,85,10/31/21
Travis Scott,ASTROWORLD,2018,LP,70,10/30/21
Lil Wayne,Sorry 4 the Wait 2,2015,Mixtape,94,10/28/21
JPEGMAFIA,LP! (Offline Version),2021,LP,73,10/27/21
JPEGMAFIA,LP!,2021,LP,71,10/27/21
Lloyd Banks,The Course of the Inevitable,2021,LP,70,10/26/21
Ski Mask the Slump God,Sin City The Mixtape,2021,Mixtape,29,10/26/21
Polo G,Hall of Fame,2021,LP,50,10/26/21
Fetty Wap,The Butterfly Effect,2021,LP,30,10/26/21
Nicki Minaj,Pink Friday: Roman Reloaded,2012,LP,85,10/25/21
Olivia Rodrigo,SOUR,2021,LP,78,10/25/21
Migos,Culture III,2021,LP,18,10/25/21
DJ Khaled,KHALED KHALED,2021,LP,24,10/25/21
Nas,King’s Disease II,2021,LP,75,10/25/21
JAY-Z,4:44,2017,LP,80,10/23/21
JAY-Z,Magna Carta... Holy Grail,2013,LP,28,10/23/21
Kanye West,Donda,2021,LP,30,10/22/21
JAY-Z & Kanye West,Watch the Throne (Deluxe),2011,Reissue,67,10/21/21
JAY-Z & Kanye West,Watch the Throne,2011,LP,52,10/21/21
JAY-Z,The Blueprint 3,2009,LP,75,10/20/21
JAY-Z,American Gangster,2007,LP,75,10/20/21
JAY-Z,Kingdom Come,2006,LP,32,10/19/21
JAY-Z,The Black Album,2003,LP,80,10/19/21
JAY-Z,The Blueprint,2001,LP,79,10/18/21
JAY-Z,The Blueprint 2: The Gift & the Curse,2002,LP,77,10/18/21
Young Thug,Punk,2021,LP,21,10/15/21
JAY-Z,The Dynasty: Roc La Familia,2000,LP,43,10/13/21
JAY-Z,Vol. 3... Life and Times of S. Carter,1999,LP,41,10/13/21
JAY-Z,Vol. 2... Hard Knock Life,1998,LP,70,10/12/21
JAY-Z,"In My Lifetime, Vol. 1",1997,LP,74,10/12/21
JAY-Z,Reasonable Doubt,1996,LP,72,10/12/21
Don Toliver,Life of a DON,2021,LP,43,10/11/21
Kid Cudi,Man On The Moon III: The Chosen,2020,LP,60,10/10/21
Kanye West,My Beautiful Dark Twisted Fantasy,2010,LP,52,10/10/21
Kid Cudi,Man On The Moon II: The Legend Of Mr. Rager,2010,LP,53,10/10/21
Kid Cudi,Man on the Moon: The End of Day (Deluxe),2009,Reissue,44,10/9/21
Kid Cudi,Man On The Moon: The End Of Day,2009,LP,70,10/9/21
Future,SAVE ME,2019,EP,43,10/6/21
Future,BEASTMODE 2,2018,Mixtape,65,10/6/21
Future,FUTURE,2017,LP,58,10/5/21
Future,Purple Reign,2016,Mixtape,67,10/4/21
Future & Zaytoven,Beast Mode,2015,Mixtape,70,10/3/21
Future,Honest,2014,LP,79,10/3/21
Future,Pluto,2012,LP,66,10/3/21
J. Cole,Cole World: The Sideline Story,2011,LP,70,10/2/21
J. Cole,Born Sinner,2013,LP,78,10/2/21
J. Cole,2014 Forest Hills Drive,2014,LP,77,10/1/21
J. Cole,4 Your Eyez Only,2016,LP,72,10/1/21
J. Cole,KOD,2018,LP,80,10/1/21
Rich The Kid & Lil Wayne,Trust Fund Babies,2021,Mixtape,48,10/1/21
Nicki Minaj,The Pinkprint,2014,LP,77,9/28/21
Nicki Minaj,Queen,2018,LP,70,9/28/21
Nicki Minaj,Pink Friday: Roman Reloaded – The Re-Up,2012,Reissue,74,9/27/21
Nicki Minaj,Pink Friday,2010,LP,88,9/26/21
Joyner Lucas,Evolution,2020,LP,52,9/26/21
Joyner Lucas,ADHD,2020,LP,62,9/24/21
Joyner Lucas,508-507-2209,2017,Mixtape,80,9/23/21
Joyner Lucas,Along Came Joyner,2015,Mixtape,71,9/23/21
Lil Nas X,MONTERO,2021,LP,61,9/21/21
OutKast,Idlewild,2006,LP,34,9/20/21
OutKast,Stankonia,2000,LP,80,9/19/21
André 3000,The Love Below,2003,Unofficial,33,9/19/21
Big Boi,Speakerboxxx,2003,Unofficial,75,9/19/21
OutKast,Speakerboxxx/The Love Below,2003,LP,44,9/19/21
OutKast,Aquemini,1998,LP,76,9/17/21
OutKast,ATLiens,1996,LP,85,9/16/21
OutKast,Southernplayalisticadillacmuzik,1994,LP,60,9/16/21
Lil Wayne,No Ceilings 3: B Side,2020,Mixtape,72,9/13/21
Lil Wayne,No Ceilings 3: Side A,2020,Mixtape,62,9/13/21
Lil Wayne,Tha Carter V (Deluxe),2020,Reissue,76,9/13/21
Lil Wayne,Funeral (Deluxe),2020,Reissue,68,9/13/21
Lil Wayne,Tha Carter IV,2011,LP,93,9/11/21
DJ Drama & Lil Wayne,Dedication 6 Reloaded: Gangsta Grillz,2018,Mixtape,90,9/9/21
Lil Wayne,In Tune We Trust,2017,EP,40,9/8/21
T-Pain & Lil Wayne,T-Wayne,2017,Mixtape,39,9/8/21
Lil Wayne,No Ceilings 2,2015,Mixtape,82,9/5/21
Drake,Views,2016,LP,50,9/3/21
Drake,Thank Me Later,2010,LP,70,9/3/21
Drake,More Life,2017,Mixtape,28,9/3/21
DJ Drama & Lil Wayne,Dedication 5,2013,Mixtape,70,9/2/21
Lil Wayne,I Am Not a Human Being II,2013,LP,77,9/1/21
Lil Wayne,Tha Carter,2004,LP,80,8/30/21
DJ Drama & Lil Wayne,Dedication 4,2012,Mixtape,77,8/30/21
Lil Wayne,Tha Carter IV (Complete Edition),2021,Reissue,68,8/28/21
Lil Wayne,Sorry 4 The Wait,2011,Mixtape,72,8/27/21
Lil Wayne,I Am Not a Human Being,2010,LP,69,8/24/21
Lil Wayne,Rebirth,2010,LP,65,8/24/21
Lil Wayne,No Ceilings,2009,Mixtape,84,8/23/21
DJ Drama & Lil Wayne,Dedication 3,2008,Mixtape,52,8/23/21
Lil Wayne,Tha Block Is Hot,1999,LP,48,8/23/21
Lil Wayne,Tha Carter III,2008,LP,92,8/22/21
Lil Wayne,The Leak,2007,EP,76,8/21/21
Lil Wayne,The Drought Is Over 2: The Carter 3 Sessions,2007,Unofficial,89,8/18/21
Lil Wayne,The Carter Files,2006,Mixtape,58,8/17/21
Lil Wayne,Lil Weezy Ana,2006,Mixtape,68,8/17/21
Lil Wayne,Lights Out,2000,LP,59,8/17/21
Birdman & Lil Wayne,"Like Father, Like Son",2006,LP,72,8/13/21
DJ Drama & Lil Wayne,Dedication 2,2006,Mixtape,96,8/12/21
Lil Wayne & Mick Boogie,The W. Carter Collection 2,2006,Mixtape,71,8/12/21
Lil Wayne,The W. Carter Collection,2006,Mixtape,62,8/11/21
"Birdman, Lil Wayne & DJ Khaled","The Carter 2, Part 2: Like Father, Like Son",2006,Mixtape,60,8/8/21
DJ Drama & Lil Wayne,The Dedication,2005,Mixtape,63,8/7/21
DJ Khaled & Lil Wayne,The Suffix,2005,Mixtape,80,8/7/21
Lil Wayne,Da Drought 2,2004,Mixtape,23,8/5/21
Lil Wayne,The Prefix,2004,Mixtape,75,8/3/21
Lil Wayne,Da Drought,2003,Mixtape,42,8/3/21
Lil Wayne,500 Degreez,2002,LP,70,8/2/21
JACKBOYS & Travis Scott,JACKBOYS,2019,Compilation,59,7/31/21
Drake,Scary Hours,2018,EP,72,7/30/21
Drake,Scary Hours 2,2021,EP,75,7/30/21
Drake,Dark Lane Demo Tapes,2020,Mixtape,75,7/29/21
Drake,Scorpion,2018,LP,72,7/29/21
Drake,So Far Gone,2009,Mixtape,40,7/26/21
Kanye West,JESUS IS KING,2019,LP,12,7/22/21
Kanye West,ye,2018,LP,82,7/22/21
Kanye West,808s & Heartbreak,2008,LP,88,7/20/21
Kendrick Lamar,DAMN.,2017,LP,95,7/18/21
Kendrick Lamar,untitled unmastered.,2016,Compilation,82,7/16/21
Kendrick Lamar,To Pimp a Butterfly,2015,LP,95,7/16/21
Kendrick Lamar,"good kid, m.A.A.d city",2012,LP,96,7/16/21
Kendrick Lamar,Section.80,2011,LP,85,7/16/21
Denzel Curry,TA13OO,2018,LP,90,7/16/21
KIDS SEE GHOSTS,KIDS SEE GHOSTS,2018,LP,67,7/13/21